arquivo,caminho_relativo,erro_parser,erro_lint,erros_parser_descricao,erros_lint_descricao,quantidade_problemas_lint,arquivo_parser,arquivo_lint
3scale_porta\activation_story_processado,3scale_porta,0,1,-,"linha 4: Wrong indentation for ""Step"", expected indentation level of 2, but got 4\nlinha 5: Wrong indentation for ""Step"", expected indentation level of 2, but got 4\nlinha 6: Wrong indentation for ""Step"", expected indentation level of 2, but got 4\nlinha 7: Wrong indentation for ""Step"", expected indentation level of 2, but got 4\nlinha 8: Wrong indentation for ""Step"", expected indentation level of 2, but got 4\nlinha 11: Wrong indentation for ""Step"", expected indentation level of 2, but got 4\nlinha 12: Wrong indentation for ""Step"", expected indentation level of 2, but got 4\nlinha 13: Wrong indentation for ""Step"", expected indentation level of 2, but got 4\nlinha 14: Wrong indentation for ""Step"", expected indentation level of 2, but got 4\nlinha 17: Wrong indentation for ""Step"", expected indentation level of 2, but got 4\nlinha 18: Wrong indentation for ""Step"", expected indentation level of 2, but got 4\nlinha 19: Wrong indentation for ""Step"", expected indentation level of 2, but got 4\nlinha 20: Wrong indentation for ""Step"", expected indentation level of 2, but got 4\nlinha 23: Wrong indentation for ""Step"", expected indentation level of 2, but got 4\nlinha 24: Wrong indentation for ""Step"", expected indentation level of 2, but got 4\nlinha 25: Wrong indentation for ""Step"", expected indentation level of 2, but got 4\nlinha 26: Wrong indentation for ""Step"", expected indentation level of 2, but got 4\nlinha 29: Wrong indentation for ""Step"", expected indentation level of 2, but got 4\nlinha 30: Wrong indentation for ""Step"", expected indentation level of 2, but got 4\nlinha 31: Wrong indentation for ""Step"", expected indentation level of 2, but got 4\nlinha 32: Wrong indentation for ""Step"", expected indentation level of 2, but got 4\nlinha 33: Wrong indentation for ""Step"", expected indentation level of 2, but got 4\nlinha 34: Wrong indentation for ""Step"", expected indentation level of 2, but got 4",23,3scale_porta\activation_story_processado.txt,3scale_porta\activation_story_processado_relatorio.txt
3scale_porta\cinstances_story_processado,3scale_porta,0,1,-,"linha 4: Wrong indentation for ""Step"", expected indentation level of 2, but got 4\nlinha 5: Wrong indentation for ""Step"", expected indentation level of 2, but got 4\nlinha 6: Wrong indentation for ""Step"", expected indentation level of 2, but got 4\nlinha 7: Wrong indentation for ""Step"", expected indentation level of 2, but got 4\nlinha 8: Wrong indentation for ""Step"", expected indentation level of 2, but got 4\nlinha 11: Wrong indentation for ""Step"", expected indentation level of 2, but got 4\nlinha 12: Wrong indentation for ""Step"", expected indentation level of 2, but got 4\nlinha 13: Wrong indentation for ""Step"", expected indentation level of 2, but got 4\nlinha 14: Wrong indentation for ""Step"", expected indentation level of 2, but got 4\nlinha 15: Wrong indentation for ""Step"", expected indentation level of 2, but got 4\nlinha 18: Wrong indentation for ""Step"", expected indentation level of 2, but got 4\nlinha 19: Wrong indentation for ""Step"", expected indentation level of 2, but got 4\nlinha 20: Wrong indentation for ""Step"", expected indentation level of 2, but got 4\nlinha 21: Wrong indentation for ""Step"", expected indentation level of 2, but got 4\nlinha 22: Wrong indentation for ""Step"", expected indentation level of 2, but got 4\nlinha 25: Wrong indentation for ""Step"", expected indentation level of 2, but got 4\nlinha 26: Wrong indentation for ""Step"", expected indentation level of 2, but got 4\nlinha 27: Wrong indentation for ""Step"", expected indentation level of 2, but got 4\nlinha 28: Wrong indentation for ""Step"", expected indentation level of 2, but got 4\nlinha 29: Wrong indentation for ""Step"", expected indentation level of 2, but got 4\nlinha 32: Wrong indentation for ""Step"", expected indentation level of 2, but got 4\nlinha 33: Wrong indentation for ""Step"", expected indentation level of 2, but got 4\nlinha 34: Wrong indentation for ""Step"", expected indentation level of 2, but got 4\nlinha 35: Wrong indentation for ""Step"", expected indentation level of 2, but got 4\nlinha 36: Wrong indentation for ""Step"", expected indentation level of 2, but got 4",25,3scale_porta\cinstances_story_processado.txt,3scale_porta\cinstances_story_processado_relatorio.txt
3scale_porta\index_13_story_processado,3scale_porta,0,1,-,"linha 4: Wrong indentation for ""Step"", expected indentation level of 2, but got 4\nlinha 5: Wrong indentation for ""Step"", expected indentation level of 2, but got 4\nlinha 6: Wrong indentation for ""Step"", expected indentation level of 2, but got 4\nlinha 7: Wrong indentation for ""Step"", expected indentation level of 2, but got 4\nlinha 7: Step name is too long. Length of 90 is longer than the maximum allowed: 70\nlinha 10: Wrong indentation for ""Step"", expected indentation level of 2, but got 4\nlinha 11: Wrong indentation for ""Step"", expected indentation level of 2, but got 4\nlinha 11: Step name is too long. Length of 73 is longer than the maximum allowed: 70\nlinha 12: Wrong indentation for ""Step"", expected indentation level of 2, but got 4\nlinha 12: Step name is too long. Length of 82 is longer than the maximum allowed: 70\nlinha 13: Wrong indentation for ""Step"", expected indentation level of 2, but got 4\nlinha 13: Step name is too long. Length of 90 is longer than the maximum allowed: 70\nlinha 16: Wrong indentation for ""Step"", expected indentation level of 2, but got 4\nlinha 16: Step name is too long. Length of 79 is longer than the maximum allowed: 70\nlinha 17: Wrong indentation for ""Step"", expected indentation level of 2, but got 4\nlinha 18: Wrong indentation for ""Step"", expected indentation level of 2, but got 4\nlinha 18: Step name is too long. Length of 81 is longer than the maximum allowed: 70\nlinha 19: Wrong indentation for ""Step"", expected indentation level of 2, but got 4\nlinha 19: Step name is too long. Length of 82 is longer than the maximum allowed: 70\nlinha 22: Wrong indentation for ""Step"", expected indentation level of 2, but got 4\nlinha 22: Step name is too long. Length of 95 is longer than the maximum allowed: 70\nlinha 23: Wrong indentation for ""Step"", expected indentation level of 2, but got 4\nlinha 23: Step name is too long. Length of 78 is longer than the maximum allowed: 70\nlinha 24: Wrong indentation for ""Step"", expected indentation level of 2, but got 4\nlinha 25: Wrong indentation for ""Step"", expected indentation level of 2, but got 4\nlinha 28: Wrong indentation for ""Step"", expected indentation level of 2, but got 4\nlinha 28: Step name is too long. Length of 81 is longer than the maximum allowed: 70\nlinha 29: Wrong indentation for ""Step"", expected indentation level of 2, but got 4\nlinha 29: Step name is too long. Length of 78 is longer than the maximum allowed: 70\nlinha 30: Wrong indentation for ""Step"", expected indentation level of 2, but got 4\nlinha 30: Step name is too long. Length of 98 is longer than the maximum allowed: 70\nlinha 31: Wrong indentation for ""Step"", expected indentation level of 2, but got 4\nlinha 31: Step name is too long. Length of 75 is longer than the maximum allowed: 70",33,3scale_porta\index_13_story_processado.txt,3scale_porta\index_13_story_processado_relatorio.txt
3scale_porta\update_story_processado,3scale_porta,0,1,-,"linha 4: Wrong indentation for ""Step"", expected indentation level of 2, but got 4\nlinha 5: Wrong indentation for ""Step"", expected indentation level of 2, but got 4\nlinha 6: Wrong indentation for ""Step"", expected indentation level of 2, but got 4\nlinha 7: Wrong indentation for ""Step"", expected indentation level of 2, but got 4\nlinha 8: Wrong indentation for ""Step"", expected indentation level of 2, but got 4\nlinha 9: Wrong indentation for ""Step"", expected indentation level of 2, but got 4\nlinha 12: Wrong indentation for ""Step"", expected indentation level of 2, but got 4\nlinha 13: Wrong indentation for ""Step"", expected indentation level of 2, but got 4\nlinha 14: Wrong indentation for ""Step"", expected indentation level of 2, but got 4\nlinha 15: Wrong indentation for ""Step"", expected indentation level of 2, but got 4\nlinha 16: Wrong indentation for ""Step"", expected indentation level of 2, but got 4\nlinha 17: Wrong indentation for ""Step"", expected indentation level of 2, but got 4\nlinha 20: Wrong indentation for ""Step"", expected indentation level of 2, but got 4\nlinha 21: Wrong indentation for ""Step"", expected indentation level of 2, but got 4\nlinha 22: Wrong indentation for ""Step"", expected indentation level of 2, but got 4\nlinha 23: Wrong indentation for ""Step"", expected indentation level of 2, but got 4\nlinha 24: Wrong indentation for ""Step"", expected indentation level of 2, but got 4\nlinha 25: Wrong indentation for ""Step"", expected indentation level of 2, but got 4\nlinha 28: Wrong indentation for ""Step"", expected indentation level of 2, but got 4\nlinha 29: Wrong indentation for ""Step"", expected indentation level of 2, but got 4\nlinha 30: Wrong indentation for ""Step"", expected indentation level of 2, but got 4\nlinha 30: Step name is too long. Length of 71 is longer than the maximum allowed: 70\nlinha 31: Wrong indentation for ""Step"", expected indentation level of 2, but got 4\nlinha 32: Wrong indentation for ""Step"", expected indentation level of 2, but got 4\nlinha 33: Wrong indentation for ""Step"", expected indentation level of 2, but got 4\nlinha 36: Wrong indentation for ""Step"", expected indentation level of 2, but got 4\nlinha 37: Wrong indentation for ""Step"", expected indentation level of 2, but got 4\nlinha 38: Wrong indentation for ""Step"", expected indentation level of 2, but got 4\nlinha 39: Wrong indentation for ""Step"", expected indentation level of 2, but got 4\nlinha 39: Step name is too long. Length of 101 is longer than the maximum allowed: 70",30,3scale_porta\update_story_processado.txt,3scale_porta\update_story_processado_relatorio.txt
AgileVentures_LocalSupport\admin_promoting_site_story_processado,AgileVentures_LocalSupport,0,1,-,"linha 4: Wrong indentation for ""Step"", expected indentation level of 2, but got 4\nlinha 5: Wrong indentation for ""Step"", expected indentation level of 2, but got 4\nlinha 6: Wrong indentation for ""Step"", expected indentation level of 2, but got 4\nlinha 9: Wrong indentation for ""Step"", expected indentation level of 2, but got 4\nlinha 10: Wrong indentation for ""Step"", expected indentation level of 2, but got 4\nlinha 11: Wrong indentation for ""Step"", expected indentation level of 2, but got 4\nlinha 14: Wrong indentation for ""Step"", expected indentation level of 2, but got 4\nlinha 15: Wrong indentation for ""Step"", expected indentation level of 2, but got 4\nlinha 16: Wrong indentation for ""Step"", expected indentation level of 2, but got 4\nlinha 19: Wrong indentation for ""Step"", expected indentation level of 2, but got 4\nlinha 20: Wrong indentation for ""Step"", expected indentation level of 2, but got 4\nlinha 20: Step name is too long. Length of 79 is longer than the maximum allowed: 70\nlinha 21: Wrong indentation for ""Step"", expected indentation level of 2, but got 4\nlinha 24: Wrong indentation for ""Step"", expected indentation level of 2, but got 4\nlinha 25: Wrong indentation for ""Step"", expected indentation level of 2, but got 4\nlinha 26: Wrong indentation for ""Step"", expected indentation level of 2, but got 4",16,AgileVentures_LocalSupport\admin_promoting_site_story_processado.txt,AgileVentures_LocalSupport\admin_promoting_site_story_processado_relatorio.txt
AgileVentures_LocalSupport\category_import_story_processado,AgileVentures_LocalSupport,0,1,-,"linha 4: Wrong indentation for ""Step"", expected indentation level of 2, but got 4\nlinha 5: Wrong indentation for ""Step"", expected indentation level of 2, but got 4\nlinha 6: Wrong indentation for ""Step"", expected indentation level of 2, but got 4\nlinha 7: Wrong indentation for ""Step"", expected indentation level of 2, but got 4\nlinha 8: Wrong indentation for ""Step"", expected indentation level of 2, but got 4\nlinha 11: Wrong indentation for ""Step"", expected indentation level of 2, but got 4\nlinha 12: Wrong indentation for ""Step"", expected indentation level of 2, but got 4\nlinha 13: Wrong indentation for ""Step"", expected indentation level of 2, but got 4\nlinha 14: Wrong indentation for ""Step"", expected indentation level of 2, but got 4\nlinha 15: Wrong indentation for ""Step"", expected indentation level of 2, but got 4\nlinha 15: Step name is too long. Length of 85 is longer than the maximum allowed: 70\nlinha 18: Wrong indentation for ""Step"", expected indentation level of 2, but got 4\nlinha 19: Wrong indentation for ""Step"", expected indentation level of 2, but got 4\nlinha 20: Wrong indentation for ""Step"", expected indentation level of 2, but got 4\nlinha 21: Wrong indentation for ""Step"", expected indentation level of 2, but got 4\nlinha 22: Wrong indentation for ""Step"", expected indentation level of 2, but got 4\nlinha 25: Wrong indentation for ""Step"", expected indentation level of 2, but got 4\nlinha 26: Wrong indentation for ""Step"", expected indentation level of 2, but got 4\nlinha 26: Step name is too long. Length of 85 is longer than the maximum allowed: 70\nlinha 27: Wrong indentation for ""Step"", expected indentation level of 2, but got 4\nlinha 28: Wrong indentation for ""Step"", expected indentation level of 2, but got 4\nlinha 28: Step name is too long. Length of 72 is longer than the maximum allowed: 70\nlinha 29: Wrong indentation for ""Step"", expected indentation level of 2, but got 4\nlinha 32: Wrong indentation for ""Step"", expected indentation level of 2, but got 4\nlinha 33: Wrong indentation for ""Step"", expected indentation level of 2, but got 4\nlinha 34: Wrong indentation for ""Step"", expected indentation level of 2, but got 4\nlinha 35: Wrong indentation for ""Step"", expected indentation level of 2, but got 4\nlinha 36: Wrong indentation for ""Step"", expected indentation level of 2, but got 4",28,AgileVentures_LocalSupport\category_import_story_processado.txt,AgileVentures_LocalSupport\category_import_story_processado_relatorio.txt
AgileVentures_LocalSupport\edit_donation_info_story_processado,AgileVentures_LocalSupport,0,1,-,"linha 4: Wrong indentation for ""Step"", expected indentation level of 2, but got 4\nlinha 5: Wrong indentation for ""Step"", expected indentation level of 2, but got 4\nlinha 5: Step name is too long. Length of 77 is longer than the maximum allowed: 70\nlinha 6: Wrong indentation for ""Step"", expected indentation level of 2, but got 4\nlinha 6: Step name is too long. Length of 79 is longer than the maximum allowed: 70\nlinha 7: Wrong indentation for ""Step"", expected indentation level of 2, but got 4\nlinha 8: Wrong indentation for ""Step"", expected indentation level of 2, but got 4\nlinha 8: Step name is too long. Length of 71 is longer than the maximum allowed: 70\nlinha 11: Wrong indentation for ""Step"", expected indentation level of 2, but got 4\nlinha 12: Wrong indentation for ""Step"", expected indentation level of 2, but got 4\nlinha 12: Step name is too long. Length of 77 is longer than the maximum allowed: 70\nlinha 13: Wrong indentation for ""Step"", expected indentation level of 2, but got 4\nlinha 14: Wrong indentation for ""Step"", expected indentation level of 2, but got 4\nlinha 15: Wrong indentation for ""Step"", expected indentation level of 2, but got 4\nlinha 18: Wrong indentation for ""Step"", expected indentation level of 2, but got 4\nlinha 19: Wrong indentation for ""Step"", expected indentation level of 2, but got 4\nlinha 19: Step name is too long. Length of 77 is longer than the maximum allowed: 70\nlinha 20: Wrong indentation for ""Step"", expected indentation level of 2, but got 4\nlinha 21: Wrong indentation for ""Step"", expected indentation level of 2, but got 4\nlinha 22: Wrong indentation for ""Step"", expected indentation level of 2, but got 4\nlinha 22: Step name is too long. Length of 75 is longer than the maximum allowed: 70\nlinha 25: Wrong indentation for ""Step"", expected indentation level of 2, but got 4\nlinha 26: Wrong indentation for ""Step"", expected indentation level of 2, but got 4\nlinha 26: Step name is too long. Length of 84 is longer than the maximum allowed: 70\nlinha 27: Wrong indentation for ""Step"", expected indentation level of 2, but got 4\nlinha 28: Wrong indentation for ""Step"", expected indentation level of 2, but got 4\nlinha 28: Step name is too long. Length of 73 is longer than the maximum allowed: 70\nlinha 31: Wrong indentation for ""Step"", expected indentation level of 2, but got 4\nlinha 32: Wrong indentation for ""Step"", expected indentation level of 2, but got 4\nlinha 32: Step name is too long. Length of 77 is longer than the maximum allowed: 70\nlinha 33: Wrong indentation for ""Step"", expected indentation level of 2, but got 4\nlinha 34: Wrong indentation for ""Step"", expected indentation level of 2, but got 4\nlinha 35: Wrong indentation for ""Step"", expected indentation level of 2, but got 4\nlinha 35: Step name is too long. Length of 72 is longer than the maximum allowed: 70",34,AgileVentures_LocalSupport\edit_donation_info_story_processado.txt,AgileVentures_LocalSupport\edit_donation_info_story_processado_relatorio.txt
AgileVentures_LocalSupport\edit_own_charity_profile_story_processado,AgileVentures_LocalSupport,0,1,-,"linha 4: Wrong indentation for ""Step"", expected indentation level of 2, but got 4\nlinha 5: Wrong indentation for ""Step"", expected indentation level of 2, but got 4\nlinha 6: Wrong indentation for ""Step"", expected indentation level of 2, but got 4\nlinha 7: Wrong indentation for ""Step"", expected indentation level of 2, but got 4\nlinha 8: Wrong indentation for ""Step"", expected indentation level of 2, but got 4\nlinha 11: Wrong indentation for ""Step"", expected indentation level of 2, but got 4\nlinha 12: Wrong indentation for ""Step"", expected indentation level of 2, but got 4\nlinha 13: Wrong indentation for ""Step"", expected indentation level of 2, but got 4\nlinha 14: Wrong indentation for ""Step"", expected indentation level of 2, but got 4\nlinha 15: Wrong indentation for ""Step"", expected indentation level of 2, but got 4\nlinha 18: Wrong indentation for ""Step"", expected indentation level of 2, but got 4\nlinha 19: Wrong indentation for ""Step"", expected indentation level of 2, but got 4\nlinha 20: Wrong indentation for ""Step"", expected indentation level of 2, but got 4\nlinha 20: Step name is too long. Length of 74 is longer than the maximum allowed: 70\nlinha 21: Wrong indentation for ""Step"", expected indentation level of 2, but got 4\nlinha 22: Wrong indentation for ""Step"", expected indentation level of 2, but got 4\nlinha 25: Wrong indentation for ""Step"", expected indentation level of 2, but got 4\nlinha 26: Wrong indentation for ""Step"", expected indentation level of 2, but got 4\nlinha 27: Wrong indentation for ""Step"", expected indentation level of 2, but got 4\nlinha 28: Wrong indentation for ""Step"", expected indentation level of 2, but got 4\nlinha 29: Wrong indentation for ""Step"", expected indentation level of 2, but got 4\nlinha 32: Wrong indentation for ""Step"", expected indentation level of 2, but got 4\nlinha 33: Wrong indentation for ""Step"", expected indentation level of 2, but got 4\nlinha 34: Wrong indentation for ""Step"", expected indentation level of 2, but got 4\nlinha 35: Wrong indentation for ""Step"", expected indentation level of 2, but got 4\nlinha 36: Wrong indentation for ""Step"", expected indentation level of 2, but got 4\nlinha 37: Wrong indentation for ""Step"", expected indentation level of 2, but got 4\nlinha 38: Wrong indentation for ""Step"", expected indentation level of 2, but got 4",28,AgileVentures_LocalSupport\edit_own_charity_profile_story_processado.txt,AgileVentures_LocalSupport\edit_own_charity_profile_story_processado_relatorio.txt
Cocolabs-SAS_cocorico\Breadcrumb_story_processado,Cocolabs-SAS_cocorico,0,1,-,"linha 4: Wrong indentation for ""Step"", expected indentation level of 2, but got 4\nlinha 5: Wrong indentation for ""Step"", expected indentation level of 2, but got 4\nlinha 6: Wrong indentation for ""Step"", expected indentation level of 2, but got 4\nlinha 7: Wrong indentation for ""Step"", expected indentation level of 2, but got 4\nlinha 10: Wrong indentation for ""Step"", expected indentation level of 2, but got 4\nlinha 11: Wrong indentation for ""Step"", expected indentation level of 2, but got 4\nlinha 12: Wrong indentation for ""Step"", expected indentation level of 2, but got 4\nlinha 15: Wrong indentation for ""Step"", expected indentation level of 2, but got 4\nlinha 16: Wrong indentation for ""Step"", expected indentation level of 2, but got 4\nlinha 19: Wrong indentation for ""Step"", expected indentation level of 2, but got 4\nlinha 20: Wrong indentation for ""Step"", expected indentation level of 2, but got 4\nlinha 21: Wrong indentation for ""Step"", expected indentation level of 2, but got 4\nlinha 22: Wrong indentation for ""Step"", expected indentation level of 2, but got 4\nlinha 23: Wrong indentation for ""Step"", expected indentation level of 2, but got 4\nlinha 26: Wrong indentation for ""Step"", expected indentation level of 2, but got 4\nlinha 27: Wrong indentation for ""Step"", expected indentation level of 2, but got 4\nlinha 28: Wrong indentation for ""Step"", expected indentation level of 2, but got 4\nlinha 29: Wrong indentation for ""Step"", expected indentation level of 2, but got 4",18,Cocolabs-SAS_cocorico\Breadcrumb_story_processado.txt,Cocolabs-SAS_cocorico\Breadcrumb_story_processado_relatorio.txt
Cocolabs-SAS_cocorico\ListingSearch_story_processado,Cocolabs-SAS_cocorico,0,1,-,"linha 4: Wrong indentation for ""Step"", expected indentation level of 2, but got 4\nlinha 5: Wrong indentation for ""Step"", expected indentation level of 2, but got 4\nlinha 6: Wrong indentation for ""Step"", expected indentation level of 2, but got 4\nlinha 7: Wrong indentation for ""Step"", expected indentation level of 2, but got 4\nlinha 10: Wrong indentation for ""Step"", expected indentation level of 2, but got 4\nlinha 11: Wrong indentation for ""Step"", expected indentation level of 2, but got 4\nlinha 12: Wrong indentation for ""Step"", expected indentation level of 2, but got 4\nlinha 13: Wrong indentation for ""Step"", expected indentation level of 2, but got 4\nlinha 16: Wrong indentation for ""Step"", expected indentation level of 2, but got 4\nlinha 17: Wrong indentation for ""Step"", expected indentation level of 2, but got 4\nlinha 18: Wrong indentation for ""Step"", expected indentation level of 2, but got 4\nlinha 19: Wrong indentation for ""Step"", expected indentation level of 2, but got 4\nlinha 22: Wrong indentation for ""Step"", expected indentation level of 2, but got 4\nlinha 23: Wrong indentation for ""Step"", expected indentation level of 2, but got 4\nlinha 24: Wrong indentation for ""Step"", expected indentation level of 2, but got 4\nlinha 25: Wrong indentation for ""Step"", expected indentation level of 2, but got 4\nlinha 28: Wrong indentation for ""Step"", expected indentation level of 2, but got 4\nlinha 29: Wrong indentation for ""Step"", expected indentation level of 2, but got 4\nlinha 30: Wrong indentation for ""Step"", expected indentation level of 2, but got 4\nlinha 31: Wrong indentation for ""Step"", expected indentation level of 2, but got 4",20,Cocolabs-SAS_cocorico\ListingSearch_story_processado.txt,Cocolabs-SAS_cocorico\ListingSearch_story_processado_relatorio.txt
Cocolabs-SAS_cocorico\Message_story_processado,Cocolabs-SAS_cocorico,0,1,-,"linha 4: Wrong indentation for ""Step"", expected indentation level of 2, but got 4\nlinha 5: Wrong indentation for ""Step"", expected indentation level of 2, but got 4\nlinha 6: Wrong indentation for ""Step"", expected indentation level of 2, but got 4\nlinha 7: Wrong indentation for ""Step"", expected indentation level of 2, but got 4\nlinha 8: Wrong indentation for ""Step"", expected indentation level of 2, but got 4\nlinha 11: Wrong indentation for ""Step"", expected indentation level of 2, but got 4\nlinha 12: Wrong indentation for ""Step"", expected indentation level of 2, but got 4\nlinha 13: Wrong indentation for ""Step"", expected indentation level of 2, but got 4\nlinha 14: Wrong indentation for ""Step"", expected indentation level of 2, but got 4\nlinha 17: Wrong indentation for ""Step"", expected indentation level of 2, but got 4\nlinha 17: Step name is too long. Length of 90 is longer than the maximum allowed: 70\nlinha 18: Wrong indentation for ""Step"", expected indentation level of 2, but got 4\nlinha 19: Wrong indentation for ""Step"", expected indentation level of 2, but got 4\nlinha 20: Wrong indentation for ""Step"", expected indentation level of 2, but got 4\nlinha 23: Wrong indentation for ""Step"", expected indentation level of 2, but got 4\nlinha 24: Wrong indentation for ""Step"", expected indentation level of 2, but got 4\nlinha 25: Wrong indentation for ""Step"", expected indentation level of 2, but got 4\nlinha 26: Wrong indentation for ""Step"", expected indentation level of 2, but got 4\nlinha 29: Wrong indentation for ""Step"", expected indentation level of 2, but got 4\nlinha 30: Wrong indentation for ""Step"", expected indentation level of 2, but got 4\nlinha 31: Wrong indentation for ""Step"", expected indentation level of 2, but got 4\nlinha 32: Wrong indentation for ""Step"", expected indentation level of 2, but got 4",22,Cocolabs-SAS_cocorico\Message_story_processado.txt,Cocolabs-SAS_cocorico\Message_story_processado_relatorio.txt
Cocolabs-SAS_cocorico\Review_story_processado,Cocolabs-SAS_cocorico,0,1,-,"linha 4: Wrong indentation for ""Step"", expected indentation level of 2, but got 4\nlinha 5: Wrong indentation for ""Step"", expected indentation level of 2, but got 4\nlinha 6: Wrong indentation for ""Step"", expected indentation level of 2, but got 4\nlinha 7: Wrong indentation for ""Step"", expected indentation level of 2, but got 4\nlinha 8: Wrong indentation for ""Step"", expected indentation level of 2, but got 4\nlinha 9: Wrong indentation for ""Step"", expected indentation level of 2, but got 4\nlinha 12: Wrong indentation for ""Step"", expected indentation level of 2, but got 4\nlinha 13: Wrong indentation for ""Step"", expected indentation level of 2, but got 4\nlinha 14: Wrong indentation for ""Step"", expected indentation level of 2, but got 4\nlinha 15: Wrong indentation for ""Step"", expected indentation level of 2, but got 4\nlinha 16: Wrong indentation for ""Step"", expected indentation level of 2, but got 4\nlinha 17: Wrong indentation for ""Step"", expected indentation level of 2, but got 4\nlinha 20: Wrong indentation for ""Step"", expected indentation level of 2, but got 4\nlinha 21: Wrong indentation for ""Step"", expected indentation level of 2, but got 4\nlinha 22: Wrong indentation for ""Step"", expected indentation level of 2, but got 4\nlinha 23: Wrong indentation for ""Step"", expected indentation level of 2, but got 4\nlinha 24: Wrong indentation for ""Step"", expected indentation level of 2, but got 4\nlinha 27: Wrong indentation for ""Step"", expected indentation level of 2, but got 4\nlinha 28: Wrong indentation for ""Step"", expected indentation level of 2, but got 4\nlinha 29: Wrong indentation for ""Step"", expected indentation level of 2, but got 4\nlinha 30: Wrong indentation for ""Step"", expected indentation level of 2, but got 4\nlinha 31: Wrong indentation for ""Step"", expected indentation level of 2, but got 4\nlinha 31: Step name is too long. Length of 73 is longer than the maximum allowed: 70\nlinha 34: Wrong indentation for ""Step"", expected indentation level of 2, but got 4\nlinha 35: Wrong indentation for ""Step"", expected indentation level of 2, but got 4\nlinha 36: Wrong indentation for ""Step"", expected indentation level of 2, but got 4\nlinha 37: Wrong indentation for ""Step"", expected indentation level of 2, but got 4\nlinha 38: Wrong indentation for ""Step"", expected indentation level of 2, but got 4",28,Cocolabs-SAS_cocorico\Review_story_processado.txt,Cocolabs-SAS_cocorico\Review_story_processado_relatorio.txt
DataDog_datadog-api-client-typescript\dora_metrics_story_processado,DataDog_datadog-api-client-typescript,0,1,-,"linha 4: Wrong indentation for ""Step"", expected indentation level of 2, but got 4\nlinha 5: Wrong indentation for ""Step"", expected indentation level of 2, but got 4\nlinha 6: Wrong indentation for ""Step"", expected indentation level of 2, but got 4\nlinha 7: Wrong indentation for ""Step"", expected indentation level of 2, but got 4\nlinha 10: Wrong indentation for ""Step"", expected indentation level of 2, but got 4\nlinha 11: Wrong indentation for ""Step"", expected indentation level of 2, but got 4\nlinha 12: Wrong indentation for ""Step"", expected indentation level of 2, but got 4\nlinha 13: Wrong indentation for ""Step"", expected indentation level of 2, but got 4\nlinha 16: Wrong indentation for ""Step"", expected indentation level of 2, but got 4\nlinha 17: Wrong indentation for ""Step"", expected indentation level of 2, but got 4\nlinha 18: Wrong indentation for ""Step"", expected indentation level of 2, but got 4\nlinha 19: Wrong indentation for ""Step"", expected indentation level of 2, but got 4\nlinha 22: Wrong indentation for ""Step"", expected indentation level of 2, but got 4\nlinha 23: Wrong indentation for ""Step"", expected indentation level of 2, but got 4\nlinha 24: Wrong indentation for ""Step"", expected indentation level of 2, but got 4\nlinha 25: Wrong indentation for ""Step"", expected indentation level of 2, but got 4\nlinha 26: Wrong indentation for ""Step"", expected indentation level of 2, but got 4\nlinha 29: Wrong indentation for ""Step"", expected indentation level of 2, but got 4\nlinha 30: Wrong indentation for ""Step"", expected indentation level of 2, but got 4\nlinha 31: Wrong indentation for ""Step"", expected indentation level of 2, but got 4\nlinha 32: Wrong indentation for ""Step"", expected indentation level of 2, but got 4\nlinha 33: Wrong indentation for ""Step"", expected indentation level of 2, but got 4",22,DataDog_datadog-api-client-typescript\dora_metrics_story_processado.txt,DataDog_datadog-api-client-typescript\dora_metrics_story_processado_relatorio.txt
DataDog_datadog-api-client-typescript\gcp_integration_1_story_processado,DataDog_datadog-api-client-typescript,0,1,-,"linha 4: Wrong indentation for ""Step"", expected indentation level of 2, but got 4\nlinha 5: Wrong indentation for ""Step"", expected indentation level of 2, but got 4\nlinha 5: Step name is too long. Length of 74 is longer than the maximum allowed: 70\nlinha 6: Wrong indentation for ""Step"", expected indentation level of 2, but got 4\nlinha 6: Step name is too long. Length of 74 is longer than the maximum allowed: 70\nlinha 7: Wrong indentation for ""Step"", expected indentation level of 2, but got 4\nlinha 8: Wrong indentation for ""Step"", expected indentation level of 2, but got 4\nlinha 9: Wrong indentation for ""Step"", expected indentation level of 2, but got 4\nlinha 10: Wrong indentation for ""Step"", expected indentation level of 2, but got 4\nlinha 13: Wrong indentation for ""Step"", expected indentation level of 2, but got 4\nlinha 14: Wrong indentation for ""Step"", expected indentation level of 2, but got 4\nlinha 14: Step name is too long. Length of 81 is longer than the maximum allowed: 70\nlinha 15: Wrong indentation for ""Step"", expected indentation level of 2, but got 4\nlinha 16: Wrong indentation for ""Step"", expected indentation level of 2, but got 4\nlinha 17: Wrong indentation for ""Step"", expected indentation level of 2, but got 4\nlinha 20: Wrong indentation for ""Step"", expected indentation level of 2, but got 4\nlinha 21: Wrong indentation for ""Step"", expected indentation level of 2, but got 4\nlinha 21: Step name is too long. Length of 77 is longer than the maximum allowed: 70\nlinha 22: Wrong indentation for ""Step"", expected indentation level of 2, but got 4\nlinha 23: Wrong indentation for ""Step"", expected indentation level of 2, but got 4\nlinha 24: Wrong indentation for ""Step"", expected indentation level of 2, but got 4\nlinha 25: Wrong indentation for ""Step"", expected indentation level of 2, but got 4\nlinha 26: Wrong indentation for ""Step"", expected indentation level of 2, but got 4\nlinha 29: Wrong indentation for ""Step"", expected indentation level of 2, but got 4\nlinha 30: Wrong indentation for ""Step"", expected indentation level of 2, but got 4\nlinha 30: Step name is too long. Length of 78 is longer than the maximum allowed: 70\nlinha 31: Wrong indentation for ""Step"", expected indentation level of 2, but got 4\nlinha 32: Wrong indentation for ""Step"", expected indentation level of 2, but got 4\nlinha 33: Wrong indentation for ""Step"", expected indentation level of 2, but got 4\nlinha 36: Wrong indentation for ""Step"", expected indentation level of 2, but got 4\nlinha 37: Wrong indentation for ""Step"", expected indentation level of 2, but got 4\nlinha 37: Step name is too long. Length of 78 is longer than the maximum allowed: 70\nlinha 38: Wrong indentation for ""Step"", expected indentation level of 2, but got 4\nlinha 38: Step name is too long. Length of 80 is longer than the maximum allowed: 70\nlinha 39: Wrong indentation for ""Step"", expected indentation level of 2, but got 4\nlinha 40: Wrong indentation for ""Step"", expected indentation level of 2, but got 4\nlinha 40: Step name is too long. Length of 97 is longer than the maximum allowed: 70",37,DataDog_datadog-api-client-typescript\gcp_integration_1_story_processado.txt,DataDog_datadog-api-client-typescript\gcp_integration_1_story_processado_relatorio.txt
DataDog_datadog-api-client-typescript\logs_custom_destinations_story_processado,DataDog_datadog-api-client-typescript,0,1,-,"linha 4: Wrong indentation for ""Step"", expected indentation level of 2, but got 4\nlinha 5: Wrong indentation for ""Step"", expected indentation level of 2, but got 4\nlinha 5: Step name is too long. Length of 93 is longer than the maximum allowed: 70\nlinha 6: Wrong indentation for ""Step"", expected indentation level of 2, but got 4\nlinha 7: Wrong indentation for ""Step"", expected indentation level of 2, but got 4\nlinha 8: Wrong indentation for ""Step"", expected indentation level of 2, but got 4\nlinha 11: Wrong indentation for ""Step"", expected indentation level of 2, but got 4\nlinha 12: Wrong indentation for ""Step"", expected indentation level of 2, but got 4\nlinha 13: Wrong indentation for ""Step"", expected indentation level of 2, but got 4\nlinha 14: Wrong indentation for ""Step"", expected indentation level of 2, but got 4\nlinha 17: Wrong indentation for ""Step"", expected indentation level of 2, but got 4\nlinha 18: Wrong indentation for ""Step"", expected indentation level of 2, but got 4\nlinha 19: Wrong indentation for ""Step"", expected indentation level of 2, but got 4\nlinha 20: Wrong indentation for ""Step"", expected indentation level of 2, but got 4\nlinha 23: Wrong indentation for ""Step"", expected indentation level of 2, but got 4\nlinha 23: Step name is too long. Length of 100 is longer than the maximum allowed: 70\nlinha 24: Wrong indentation for ""Step"", expected indentation level of 2, but got 4\nlinha 24: Step name is too long. Length of 109 is longer than the maximum allowed: 70\nlinha 25: Wrong indentation for ""Step"", expected indentation level of 2, but got 4\nlinha 26: Wrong indentation for ""Step"", expected indentation level of 2, but got 4\nlinha 29: Wrong indentation for ""Step"", expected indentation level of 2, but got 4\nlinha 30: Wrong indentation for ""Step"", expected indentation level of 2, but got 4\nlinha 31: Wrong indentation for ""Step"", expected indentation level of 2, but got 4\nlinha 32: Wrong indentation for ""Step"", expected indentation level of 2, but got 4",24,DataDog_datadog-api-client-typescript\logs_custom_destinations_story_processado.txt,DataDog_datadog-api-client-typescript\logs_custom_destinations_story_processado_relatorio.txt
DataDog_datadog-api-client-typescript\service_level_objectives_1_story_processado,DataDog_datadog-api-client-typescript,0,1,-,"linha 4: Wrong indentation for ""Step"", expected indentation level of 2, but got 4\nlinha 5: Wrong indentation for ""Step"", expected indentation level of 2, but got 4\nlinha 6: Wrong indentation for ""Step"", expected indentation level of 2, but got 4\nlinha 7: Wrong indentation for ""Step"", expected indentation level of 2, but got 4\nlinha 8: Wrong indentation for ""Step"", expected indentation level of 2, but got 4\nlinha 11: Wrong indentation for ""Step"", expected indentation level of 2, but got 4\nlinha 12: Wrong indentation for ""Step"", expected indentation level of 2, but got 4\nlinha 13: Wrong indentation for ""Step"", expected indentation level of 2, but got 4\nlinha 14: Wrong indentation for ""Step"", expected indentation level of 2, but got 4\nlinha 17: Wrong indentation for ""Step"", expected indentation level of 2, but got 4\nlinha 18: Wrong indentation for ""Step"", expected indentation level of 2, but got 4\nlinha 19: Wrong indentation for ""Step"", expected indentation level of 2, but got 4\nlinha 20: Wrong indentation for ""Step"", expected indentation level of 2, but got 4\nlinha 21: Wrong indentation for ""Step"", expected indentation level of 2, but got 4\nlinha 24: Wrong indentation for ""Step"", expected indentation level of 2, but got 4\nlinha 25: Wrong indentation for ""Step"", expected indentation level of 2, but got 4\nlinha 26: Wrong indentation for ""Step"", expected indentation level of 2, but got 4\nlinha 27: Wrong indentation for ""Step"", expected indentation level of 2, but got 4\nlinha 30: Wrong indentation for ""Step"", expected indentation level of 2, but got 4\nlinha 31: Wrong indentation for ""Step"", expected indentation level of 2, but got 4\nlinha 32: Wrong indentation for ""Step"", expected indentation level of 2, but got 4\nlinha 33: Wrong indentation for ""Step"", expected indentation level of 2, but got 4\nlinha 34: Wrong indentation for ""Step"", expected indentation level of 2, but got 4",23,DataDog_datadog-api-client-typescript\service_level_objectives_1_story_processado.txt,DataDog_datadog-api-client-typescript\service_level_objectives_1_story_processado_relatorio.txt
FinAegis_core-banking-prototype-laravel\basket_management_story_processado,FinAegis_core-banking-prototype-laravel,0,1,-,"linha 4: Wrong indentation for ""Step"", expected indentation level of 2, but got 4\nlinha 5: Wrong indentation for ""Step"", expected indentation level of 2, but got 4\nlinha 6: Wrong indentation for ""Step"", expected indentation level of 2, but got 4\nlinha 7: Wrong indentation for ""Step"", expected indentation level of 2, but got 4\nlinha 10: Wrong indentation for ""Step"", expected indentation level of 2, but got 4\nlinha 11: Wrong indentation for ""Step"", expected indentation level of 2, but got 4\nlinha 12: Wrong indentation for ""Step"", expected indentation level of 2, but got 4\nlinha 13: Wrong indentation for ""Step"", expected indentation level of 2, but got 4\nlinha 14: Wrong indentation for ""Step"", expected indentation level of 2, but got 4\nlinha 17: Wrong indentation for ""Step"", expected indentation level of 2, but got 4\nlinha 18: Wrong indentation for ""Step"", expected indentation level of 2, but got 4\nlinha 19: Wrong indentation for ""Step"", expected indentation level of 2, but got 4\nlinha 20: Wrong indentation for ""Step"", expected indentation level of 2, but got 4\nlinha 21: Wrong indentation for ""Step"", expected indentation level of 2, but got 4\nlinha 24: Wrong indentation for ""Step"", expected indentation level of 2, but got 4\nlinha 25: Wrong indentation for ""Step"", expected indentation level of 2, but got 4\nlinha 26: Wrong indentation for ""Step"", expected indentation level of 2, but got 4\nlinha 27: Wrong indentation for ""Step"", expected indentation level of 2, but got 4\nlinha 28: Wrong indentation for ""Step"", expected indentation level of 2, but got 4\nlinha 31: Wrong indentation for ""Step"", expected indentation level of 2, but got 4\nlinha 32: Wrong indentation for ""Step"", expected indentation level of 2, but got 4\nlinha 33: Wrong indentation for ""Step"", expected indentation level of 2, but got 4\nlinha 34: Wrong indentation for ""Step"", expected indentation level of 2, but got 4",23,FinAegis_core-banking-prototype-laravel\basket_management_story_processado.txt,FinAegis_core-banking-prototype-laravel\basket_management_story_processado_relatorio.txt
FinAegis_core-banking-prototype-laravel\batch_processing_story_processado,FinAegis_core-banking-prototype-laravel,0,1,-,"linha 4: Wrong indentation for ""Step"", expected indentation level of 2, but got 4\nlinha 5: Wrong indentation for ""Step"", expected indentation level of 2, but got 4\nlinha 6: Wrong indentation for ""Step"", expected indentation level of 2, but got 4\nlinha 7: Wrong indentation for ""Step"", expected indentation level of 2, but got 4\nlinha 8: Wrong indentation for ""Step"", expected indentation level of 2, but got 4\nlinha 11: Wrong indentation for ""Step"", expected indentation level of 2, but got 4\nlinha 12: Wrong indentation for ""Step"", expected indentation level of 2, but got 4\nlinha 13: Wrong indentation for ""Step"", expected indentation level of 2, but got 4\nlinha 14: Wrong indentation for ""Step"", expected indentation level of 2, but got 4\nlinha 15: Wrong indentation for ""Step"", expected indentation level of 2, but got 4\nlinha 18: Wrong indentation for ""Step"", expected indentation level of 2, but got 4\nlinha 19: Wrong indentation for ""Step"", expected indentation level of 2, but got 4\nlinha 20: Wrong indentation for ""Step"", expected indentation level of 2, but got 4\nlinha 21: Wrong indentation for ""Step"", expected indentation level of 2, but got 4\nlinha 22: Wrong indentation for ""Step"", expected indentation level of 2, but got 4\nlinha 25: Wrong indentation for ""Step"", expected indentation level of 2, but got 4\nlinha 26: Wrong indentation for ""Step"", expected indentation level of 2, but got 4\nlinha 27: Wrong indentation for ""Step"", expected indentation level of 2, but got 4\nlinha 28: Wrong indentation for ""Step"", expected indentation level of 2, but got 4\nlinha 29: Wrong indentation for ""Step"", expected indentation level of 2, but got 4\nlinha 29: Step name is too long. Length of 73 is longer than the maximum allowed: 70\nlinha 32: Wrong indentation for ""Step"", expected indentation level of 2, but got 4\nlinha 33: Wrong indentation for ""Step"", expected indentation level of 2, but got 4\nlinha 34: Wrong indentation for ""Step"", expected indentation level of 2, but got 4\nlinha 35: Wrong indentation for ""Step"", expected indentation level of 2, but got 4\nlinha 36: Wrong indentation for ""Step"", expected indentation level of 2, but got 4",26,FinAegis_core-banking-prototype-laravel\batch_processing_story_processado.txt,FinAegis_core-banking-prototype-laravel\batch_processing_story_processado_relatorio.txt
FinAegis_core-banking-prototype-laravel\financial_institutions_application_story_processado,FinAegis_core-banking-prototype-laravel,0,1,-,"linha 1: Feature name is too long. Length of 51 is longer than the maximum allowed: 50\nlinha 4: Wrong indentation for ""Step"", expected indentation level of 2, but got 4\nlinha 5: Wrong indentation for ""Step"", expected indentation level of 2, but got 4\nlinha 6: Wrong indentation for ""Step"", expected indentation level of 2, but got 4\nlinha 7: Wrong indentation for ""Step"", expected indentation level of 2, but got 4\nlinha 8: Wrong indentation for ""Step"", expected indentation level of 2, but got 4\nlinha 11: Wrong indentation for ""Step"", expected indentation level of 2, but got 4\nlinha 12: Wrong indentation for ""Step"", expected indentation level of 2, but got 4\nlinha 13: Wrong indentation for ""Step"", expected indentation level of 2, but got 4\nlinha 14: Wrong indentation for ""Step"", expected indentation level of 2, but got 4\nlinha 15: Wrong indentation for ""Step"", expected indentation level of 2, but got 4\nlinha 17: Scenario name is too long. Length of 77 is longer than the maximum allowed: 70\nlinha 18: Wrong indentation for ""Step"", expected indentation level of 2, but got 4\nlinha 18: Step name is too long. Length of 86 is longer than the maximum allowed: 70\nlinha 19: Wrong indentation for ""Step"", expected indentation level of 2, but got 4\nlinha 19: Step name is too long. Length of 72 is longer than the maximum allowed: 70\nlinha 20: Wrong indentation for ""Step"", expected indentation level of 2, but got 4\nlinha 21: Wrong indentation for ""Step"", expected indentation level of 2, but got 4\nlinha 22: Wrong indentation for ""Step"", expected indentation level of 2, but got 4\nlinha 22: Step name is too long. Length of 75 is longer than the maximum allowed: 70\nlinha 25: Wrong indentation for ""Step"", expected indentation level of 2, but got 4\nlinha 26: Wrong indentation for ""Step"", expected indentation level of 2, but got 4\nlinha 26: Step name is too long. Length of 73 is longer than the maximum allowed: 70\nlinha 27: Wrong indentation for ""Step"", expected indentation level of 2, but got 4\nlinha 28: Wrong indentation for ""Step"", expected indentation level of 2, but got 4\nlinha 29: Wrong indentation for ""Step"", expected indentation level of 2, but got 4\nlinha 29: Step name is too long. Length of 75 is longer than the maximum allowed: 70\nlinha 32: Wrong indentation for ""Step"", expected indentation level of 2, but got 4\nlinha 33: Wrong indentation for ""Step"", expected indentation level of 2, but got 4\nlinha 34: Wrong indentation for ""Step"", expected indentation level of 2, but got 4\nlinha 35: Wrong indentation for ""Step"", expected indentation level of 2, but got 4\nlinha 36: Wrong indentation for ""Step"", expected indentation level of 2, but got 4",32,FinAegis_core-banking-prototype-laravel\financial_institutions_application_story_processado.txt,FinAegis_core-banking-prototype-laravel\financial_institutions_application_story_processado_relatorio.txt
FinAegis_core-banking-prototype-laravel\governance_voting_story_processado,FinAegis_core-banking-prototype-laravel,0,1,-,"linha 4: Wrong indentation for ""Step"", expected indentation level of 2, but got 4\nlinha 5: Wrong indentation for ""Step"", expected indentation level of 2, but got 4\nlinha 5: Step name is too long. Length of 73 is longer than the maximum allowed: 70\nlinha 6: Wrong indentation for ""Step"", expected indentation level of 2, but got 4\nlinha 7: Wrong indentation for ""Step"", expected indentation level of 2, but got 4\nlinha 10: Wrong indentation for ""Step"", expected indentation level of 2, but got 4\nlinha 11: Wrong indentation for ""Step"", expected indentation level of 2, but got 4\nlinha 12: Wrong indentation for ""Step"", expected indentation level of 2, but got 4\nlinha 13: Wrong indentation for ""Step"", expected indentation level of 2, but got 4\nlinha 16: Wrong indentation for ""Step"", expected indentation level of 2, but got 4\nlinha 17: Wrong indentation for ""Step"", expected indentation level of 2, but got 4\nlinha 18: Wrong indentation for ""Step"", expected indentation level of 2, but got 4\nlinha 19: Wrong indentation for ""Step"", expected indentation level of 2, but got 4\nlinha 22: Wrong indentation for ""Step"", expected indentation level of 2, but got 4\nlinha 23: Wrong indentation for ""Step"", expected indentation level of 2, but got 4\nlinha 24: Wrong indentation for ""Step"", expected indentation level of 2, but got 4\nlinha 25: Wrong indentation for ""Step"", expected indentation level of 2, but got 4\nlinha 28: Wrong indentation for ""Step"", expected indentation level of 2, but got 4\nlinha 29: Wrong indentation for ""Step"", expected indentation level of 2, but got 4\nlinha 30: Wrong indentation for ""Step"", expected indentation level of 2, but got 4\nlinha 31: Wrong indentation for ""Step"", expected indentation level of 2, but got 4",21,FinAegis_core-banking-prototype-laravel\governance_voting_story_processado.txt,FinAegis_core-banking-prototype-laravel\governance_voting_story_processado_relatorio.txt
GSA_search-gov\admin_center_clicks_and_queries_story_processado,GSA_search-gov,0,1,-,"linha 4: Wrong indentation for ""Step"", expected indentation level of 2, but got 4\nlinha 5: Wrong indentation for ""Step"", expected indentation level of 2, but got 4\nlinha 6: Wrong indentation for ""Step"", expected indentation level of 2, but got 4\nlinha 7: Wrong indentation for ""Step"", expected indentation level of 2, but got 4\nlinha 10: Wrong indentation for ""Step"", expected indentation level of 2, but got 4\nlinha 11: Wrong indentation for ""Step"", expected indentation level of 2, but got 4\nlinha 12: Wrong indentation for ""Step"", expected indentation level of 2, but got 4\nlinha 13: Wrong indentation for ""Step"", expected indentation level of 2, but got 4\nlinha 16: Wrong indentation for ""Step"", expected indentation level of 2, but got 4\nlinha 17: Wrong indentation for ""Step"", expected indentation level of 2, but got 4\nlinha 18: Wrong indentation for ""Step"", expected indentation level of 2, but got 4\nlinha 19: Wrong indentation for ""Step"", expected indentation level of 2, but got 4\nlinha 22: Wrong indentation for ""Step"", expected indentation level of 2, but got 4\nlinha 22: Step name is too long. Length of 91 is longer than the maximum allowed: 70\nlinha 23: Wrong indentation for ""Step"", expected indentation level of 2, but got 4\nlinha 24: Wrong indentation for ""Step"", expected indentation level of 2, but got 4\nlinha 24: Step name is too long. Length of 93 is longer than the maximum allowed: 70\nlinha 25: Wrong indentation for ""Step"", expected indentation level of 2, but got 4\nlinha 25: Step name is too long. Length of 72 is longer than the maximum allowed: 70\nlinha 28: Wrong indentation for ""Step"", expected indentation level of 2, but got 4\nlinha 29: Wrong indentation for ""Step"", expected indentation level of 2, but got 4\nlinha 30: Wrong indentation for ""Step"", expected indentation level of 2, but got 4\nlinha 30: Step name is too long. Length of 72 is longer than the maximum allowed: 70\nlinha 31: Wrong indentation for ""Step"", expected indentation level of 2, but got 4",24,GSA_search-gov\admin_center_clicks_and_queries_story_processado.txt,GSA_search-gov\admin_center_clicks_and_queries_story_processado_relatorio.txt
GSA_search-gov\bulk_affiliate_styles_upload_story_processado,GSA_search-gov,0,1,-,"linha 4: Wrong indentation for ""Step"", expected indentation level of 2, but got 4\nlinha 5: Wrong indentation for ""Step"", expected indentation level of 2, but got 4\nlinha 6: Wrong indentation for ""Step"", expected indentation level of 2, but got 4\nlinha 7: Wrong indentation for ""Step"", expected indentation level of 2, but got 4\nlinha 8: Wrong indentation for ""Step"", expected indentation level of 2, but got 4\nlinha 11: Wrong indentation for ""Step"", expected indentation level of 2, but got 4\nlinha 12: Wrong indentation for ""Step"", expected indentation level of 2, but got 4\nlinha 13: Wrong indentation for ""Step"", expected indentation level of 2, but got 4\nlinha 14: Wrong indentation for ""Step"", expected indentation level of 2, but got 4\nlinha 15: Wrong indentation for ""Step"", expected indentation level of 2, but got 4\nlinha 15: Step name is too long. Length of 73 is longer than the maximum allowed: 70\nlinha 18: Wrong indentation for ""Step"", expected indentation level of 2, but got 4\nlinha 19: Wrong indentation for ""Step"", expected indentation level of 2, but got 4\nlinha 20: Wrong indentation for ""Step"", expected indentation level of 2, but got 4\nlinha 21: Wrong indentation for ""Step"", expected indentation level of 2, but got 4\nlinha 22: Wrong indentation for ""Step"", expected indentation level of 2, but got 4\nlinha 22: Step name is too long. Length of 72 is longer than the maximum allowed: 70\nlinha 25: Wrong indentation for ""Step"", expected indentation level of 2, but got 4\nlinha 26: Wrong indentation for ""Step"", expected indentation level of 2, but got 4\nlinha 27: Wrong indentation for ""Step"", expected indentation level of 2, but got 4\nlinha 28: Wrong indentation for ""Step"", expected indentation level of 2, but got 4\nlinha 29: Wrong indentation for ""Step"", expected indentation level of 2, but got 4\nlinha 32: Wrong indentation for ""Step"", expected indentation level of 2, but got 4\nlinha 33: Wrong indentation for ""Step"", expected indentation level of 2, but got 4\nlinha 34: Wrong indentation for ""Step"", expected indentation level of 2, but got 4\nlinha 35: Wrong indentation for ""Step"", expected indentation level of 2, but got 4\nlinha 36: Wrong indentation for ""Step"", expected indentation level of 2, but got 4\nlinha 36: Step name is too long. Length of 76 is longer than the maximum allowed: 70\nlinha 37: Wrong indentation for ""Step"", expected indentation level of 2, but got 4",29,GSA_search-gov\bulk_affiliate_styles_upload_story_processado.txt,GSA_search-gov\bulk_affiliate_styles_upload_story_processado_relatorio.txt
GSA_search-gov\odie_url_source_update_story_processado,GSA_search-gov,0,1,-,"linha 4: Wrong indentation for ""Step"", expected indentation level of 2, but got 4\nlinha 5: Wrong indentation for ""Step"", expected indentation level of 2, but got 4\nlinha 6: Wrong indentation for ""Step"", expected indentation level of 2, but got 4\nlinha 6: Step name is too long. Length of 96 is longer than the maximum allowed: 70\nlinha 7: Wrong indentation for ""Step"", expected indentation level of 2, but got 4\nlinha 8: Wrong indentation for ""Step"", expected indentation level of 2, but got 4\nlinha 9: Wrong indentation for ""Step"", expected indentation level of 2, but got 4\nlinha 12: Wrong indentation for ""Step"", expected indentation level of 2, but got 4\nlinha 13: Wrong indentation for ""Step"", expected indentation level of 2, but got 4\nlinha 13: Step name is too long. Length of 98 is longer than the maximum allowed: 70\nlinha 14: Wrong indentation for ""Step"", expected indentation level of 2, but got 4\nlinha 15: Wrong indentation for ""Step"", expected indentation level of 2, but got 4\nlinha 15: Step name is too long. Length of 76 is longer than the maximum allowed: 70\nlinha 16: Wrong indentation for ""Step"", expected indentation level of 2, but got 4\nlinha 19: Wrong indentation for ""Step"", expected indentation level of 2, but got 4\nlinha 20: Wrong indentation for ""Step"", expected indentation level of 2, but got 4\nlinha 21: Wrong indentation for ""Step"", expected indentation level of 2, but got 4\nlinha 21: Step name is too long. Length of 96 is longer than the maximum allowed: 70\nlinha 22: Wrong indentation for ""Step"", expected indentation level of 2, but got 4\nlinha 23: Wrong indentation for ""Step"", expected indentation level of 2, but got 4\nlinha 24: Wrong indentation for ""Step"", expected indentation level of 2, but got 4\nlinha 27: Wrong indentation for ""Step"", expected indentation level of 2, but got 4\nlinha 28: Wrong indentation for ""Step"", expected indentation level of 2, but got 4\nlinha 29: Wrong indentation for ""Step"", expected indentation level of 2, but got 4\nlinha 29: Step name is too long. Length of 101 is longer than the maximum allowed: 70\nlinha 30: Wrong indentation for ""Step"", expected indentation level of 2, but got 4\nlinha 31: Wrong indentation for ""Step"", expected indentation level of 2, but got 4\nlinha 32: Wrong indentation for ""Step"", expected indentation level of 2, but got 4\nlinha 32: Step name is too long. Length of 86 is longer than the maximum allowed: 70\nlinha 33: Wrong indentation for ""Step"", expected indentation level of 2, but got 4\nlinha 36: Wrong indentation for ""Step"", expected indentation level of 2, but got 4\nlinha 37: Wrong indentation for ""Step"", expected indentation level of 2, but got 4\nlinha 38: Wrong indentation for ""Step"", expected indentation level of 2, but got 4\nlinha 38: Step name is too long. Length of 104 is longer than the maximum allowed: 70\nlinha 39: Wrong indentation for ""Step"", expected indentation level of 2, but got 4\nlinha 40: Wrong indentation for ""Step"", expected indentation level of 2, but got 4\nlinha 40: Step name is too long. Length of 73 is longer than the maximum allowed: 70\nlinha 41: Wrong indentation for ""Step"", expected indentation level of 2, but got 4",38,GSA_search-gov\odie_url_source_update_story_processado.txt,GSA_search-gov\odie_url_source_update_story_processado_relatorio.txt
GSA_search-gov\search_elastic_story_processado,GSA_search-gov,0,1,-,"linha 4: Wrong indentation for ""Step"", expected indentation level of 2, but got 4\nlinha 5: Wrong indentation for ""Step"", expected indentation level of 2, but got 4\nlinha 5: Step name is too long. Length of 71 is longer than the maximum allowed: 70\nlinha 6: Wrong indentation for ""Step"", expected indentation level of 2, but got 4\nlinha 7: Wrong indentation for ""Step"", expected indentation level of 2, but got 4\nlinha 8: Wrong indentation for ""Step"", expected indentation level of 2, but got 4\nlinha 11: Wrong indentation for ""Step"", expected indentation level of 2, but got 4\nlinha 12: Wrong indentation for ""Step"", expected indentation level of 2, but got 4\nlinha 12: Step name is too long. Length of 85 is longer than the maximum allowed: 70\nlinha 13: Wrong indentation for ""Step"", expected indentation level of 2, but got 4\nlinha 14: Wrong indentation for ""Step"", expected indentation level of 2, but got 4\nlinha 15: Wrong indentation for ""Step"", expected indentation level of 2, but got 4\nlinha 15: Step name is too long. Length of 77 is longer than the maximum allowed: 70\nlinha 18: Wrong indentation for ""Step"", expected indentation level of 2, but got 4\nlinha 19: Wrong indentation for ""Step"", expected indentation level of 2, but got 4\nlinha 20: Wrong indentation for ""Step"", expected indentation level of 2, but got 4\nlinha 21: Wrong indentation for ""Step"", expected indentation level of 2, but got 4\nlinha 24: Wrong indentation for ""Step"", expected indentation level of 2, but got 4\nlinha 25: Wrong indentation for ""Step"", expected indentation level of 2, but got 4\nlinha 26: Wrong indentation for ""Step"", expected indentation level of 2, but got 4\nlinha 27: Wrong indentation for ""Step"", expected indentation level of 2, but got 4\nlinha 27: Step name is too long. Length of 93 is longer than the maximum allowed: 70\nlinha 30: Wrong indentation for ""Step"", expected indentation level of 2, but got 4\nlinha 31: Wrong indentation for ""Step"", expected indentation level of 2, but got 4\nlinha 31: Step name is too long. Length of 83 is longer than the maximum allowed: 70\nlinha 32: Wrong indentation for ""Step"", expected indentation level of 2, but got 4\nlinha 33: Wrong indentation for ""Step"", expected indentation level of 2, but got 4\nlinha 34: Wrong indentation for ""Step"", expected indentation level of 2, but got 4",28,GSA_search-gov\search_elastic_story_processado.txt,GSA_search-gov\search_elastic_story_processado_relatorio.txt
IRPTeam_IRP\_00503TaxRatesCatalog_story_processado,IRPTeam_IRP,0,1,-,"linha 4: Wrong indentation for ""Step"", expected indentation level of 2, but got 4\nlinha 5: Wrong indentation for ""Step"", expected indentation level of 2, but got 4\nlinha 6: Wrong indentation for ""Step"", expected indentation level of 2, but got 4\nlinha 6: Step name is too long. Length of 74 is longer than the maximum allowed: 70\nlinha 7: Wrong indentation for ""Step"", expected indentation level of 2, but got 4\nlinha 7: Step name is too long. Length of 86 is longer than the maximum allowed: 70\nlinha 8: Wrong indentation for ""Step"", expected indentation level of 2, but got 4\nlinha 9: Wrong indentation for ""Step"", expected indentation level of 2, but got 4\nlinha 12: Wrong indentation for ""Step"", expected indentation level of 2, but got 4\nlinha 13: Wrong indentation for ""Step"", expected indentation level of 2, but got 4\nlinha 14: Wrong indentation for ""Step"", expected indentation level of 2, but got 4\nlinha 14: Step name is too long. Length of 74 is longer than the maximum allowed: 70\nlinha 15: Wrong indentation for ""Step"", expected indentation level of 2, but got 4\nlinha 16: Wrong indentation for ""Step"", expected indentation level of 2, but got 4\nlinha 16: Step name is too long. Length of 74 is longer than the maximum allowed: 70\nlinha 19: Wrong indentation for ""Step"", expected indentation level of 2, but got 4\nlinha 20: Wrong indentation for ""Step"", expected indentation level of 2, but got 4\nlinha 21: Wrong indentation for ""Step"", expected indentation level of 2, but got 4\nlinha 21: Step name is too long. Length of 75 is longer than the maximum allowed: 70\nlinha 22: Wrong indentation for ""Step"", expected indentation level of 2, but got 4\nlinha 23: Wrong indentation for ""Step"", expected indentation level of 2, but got 4\nlinha 23: Step name is too long. Length of 71 is longer than the maximum allowed: 70\nlinha 26: Wrong indentation for ""Step"", expected indentation level of 2, but got 4\nlinha 27: Wrong indentation for ""Step"", expected indentation level of 2, but got 4\nlinha 28: Wrong indentation for ""Step"", expected indentation level of 2, but got 4\nlinha 29: Wrong indentation for ""Step"", expected indentation level of 2, but got 4\nlinha 30: Wrong indentation for ""Step"", expected indentation level of 2, but got 4\nlinha 33: Wrong indentation for ""Step"", expected indentation level of 2, but got 4\nlinha 34: Wrong indentation for ""Step"", expected indentation level of 2, but got 4\nlinha 35: Wrong indentation for ""Step"", expected indentation level of 2, but got 4\nlinha 36: Wrong indentation for ""Step"", expected indentation level of 2, but got 4\nlinha 37: Wrong indentation for ""Step"", expected indentation level of 2, but got 4\nlinha 37: Step name is too long. Length of 77 is longer than the maximum allowed: 70",33,IRPTeam_IRP\_00503TaxRatesCatalog_story_processado.txt,IRPTeam_IRP\_00503TaxRatesCatalog_story_processado_relatorio.txt
IRPTeam_IRP\_00505CurrencyMovementType_story_processado,IRPTeam_IRP,0,1,-,"linha 4: Wrong indentation for ""Step"", expected indentation level of 2, but got 4\nlinha 5: Wrong indentation for ""Step"", expected indentation level of 2, but got 4\nlinha 5: Step name is too long. Length of 79 is longer than the maximum allowed: 70\nlinha 6: Wrong indentation for ""Step"", expected indentation level of 2, but got 4\nlinha 6: Step name is too long. Length of 88 is longer than the maximum allowed: 70\nlinha 7: Wrong indentation for ""Step"", expected indentation level of 2, but got 4\nlinha 8: Wrong indentation for ""Step"", expected indentation level of 2, but got 4\nlinha 9: Wrong indentation for ""Step"", expected indentation level of 2, but got 4\nlinha 10: Wrong indentation for ""Step"", expected indentation level of 2, but got 4\nlinha 13: Wrong indentation for ""Step"", expected indentation level of 2, but got 4\nlinha 14: Wrong indentation for ""Step"", expected indentation level of 2, but got 4\nlinha 14: Step name is too long. Length of 77 is longer than the maximum allowed: 70\nlinha 15: Wrong indentation for ""Step"", expected indentation level of 2, but got 4\nlinha 15: Step name is too long. Length of 88 is longer than the maximum allowed: 70\nlinha 16: Wrong indentation for ""Step"", expected indentation level of 2, but got 4\nlinha 17: Wrong indentation for ""Step"", expected indentation level of 2, but got 4\nlinha 18: Wrong indentation for ""Step"", expected indentation level of 2, but got 4\nlinha 18: Step name is too long. Length of 72 is longer than the maximum allowed: 70\nlinha 19: Wrong indentation for ""Step"", expected indentation level of 2, but got 4\nlinha 19: Step name is too long. Length of 100 is longer than the maximum allowed: 70\nlinha 22: Wrong indentation for ""Step"", expected indentation level of 2, but got 4\nlinha 23: Wrong indentation for ""Step"", expected indentation level of 2, but got 4\nlinha 23: Step name is too long. Length of 77 is longer than the maximum allowed: 70\nlinha 24: Wrong indentation for ""Step"", expected indentation level of 2, but got 4\nlinha 24: Step name is too long. Length of 86 is longer than the maximum allowed: 70\nlinha 25: Wrong indentation for ""Step"", expected indentation level of 2, but got 4\nlinha 26: Wrong indentation for ""Step"", expected indentation level of 2, but got 4\nlinha 27: Wrong indentation for ""Step"", expected indentation level of 2, but got 4\nlinha 30: Wrong indentation for ""Step"", expected indentation level of 2, but got 4\nlinha 31: Wrong indentation for ""Step"", expected indentation level of 2, but got 4\nlinha 31: Step name is too long. Length of 77 is longer than the maximum allowed: 70\nlinha 32: Wrong indentation for ""Step"", expected indentation level of 2, but got 4\nlinha 32: Step name is too long. Length of 86 is longer than the maximum allowed: 70\nlinha 33: Wrong indentation for ""Step"", expected indentation level of 2, but got 4\nlinha 34: Wrong indentation for ""Step"", expected indentation level of 2, but got 4\nlinha 37: Wrong indentation for ""Step"", expected indentation level of 2, but got 4\nlinha 38: Wrong indentation for ""Step"", expected indentation level of 2, but got 4\nlinha 38: Step name is too long. Length of 72 is longer than the maximum allowed: 70\nlinha 39: Wrong indentation for ""Step"", expected indentation level of 2, but got 4\nlinha 39: Step name is too long. Length of 92 is longer than the maximum allowed: 70\nlinha 40: Wrong indentation for ""Step"", expected indentation level of 2, but got 4\nlinha 41: Wrong indentation for ""Step"", expected indentation level of 2, but got 4\nlinha 41: Step name is too long. Length of 83 is longer than the maximum allowed: 70",43,IRPTeam_IRP\_00505CurrencyMovementType_story_processado.txt,IRPTeam_IRP\_00505CurrencyMovementType_story_processado_relatorio.txt
IRPTeam_IRP\_00509PaymentTermsCatalog_story_processado,IRPTeam_IRP,0,1,-,"linha 4: Wrong indentation for ""Step"", expected indentation level of 2, but got 4\nlinha 5: Wrong indentation for ""Step"", expected indentation level of 2, but got 4\nlinha 6: Wrong indentation for ""Step"", expected indentation level of 2, but got 4\nlinha 7: Wrong indentation for ""Step"", expected indentation level of 2, but got 4\nlinha 8: Wrong indentation for ""Step"", expected indentation level of 2, but got 4\nlinha 11: Wrong indentation for ""Step"", expected indentation level of 2, but got 4\nlinha 12: Wrong indentation for ""Step"", expected indentation level of 2, but got 4\nlinha 13: Wrong indentation for ""Step"", expected indentation level of 2, but got 4\nlinha 13: Step name is too long. Length of 98 is longer than the maximum allowed: 70\nlinha 14: Wrong indentation for ""Step"", expected indentation level of 2, but got 4\nlinha 15: Wrong indentation for ""Step"", expected indentation level of 2, but got 4\nlinha 16: Wrong indentation for ""Step"", expected indentation level of 2, but got 4\nlinha 19: Wrong indentation for ""Step"", expected indentation level of 2, but got 4\nlinha 20: Wrong indentation for ""Step"", expected indentation level of 2, but got 4\nlinha 21: Wrong indentation for ""Step"", expected indentation level of 2, but got 4\nlinha 22: Wrong indentation for ""Step"", expected indentation level of 2, but got 4\nlinha 23: Wrong indentation for ""Step"", expected indentation level of 2, but got 4\nlinha 24: Wrong indentation for ""Step"", expected indentation level of 2, but got 4\nlinha 27: Wrong indentation for ""Step"", expected indentation level of 2, but got 4\nlinha 28: Wrong indentation for ""Step"", expected indentation level of 2, but got 4\nlinha 29: Wrong indentation for ""Step"", expected indentation level of 2, but got 4\nlinha 29: Step name is too long. Length of 74 is longer than the maximum allowed: 70\nlinha 30: Wrong indentation for ""Step"", expected indentation level of 2, but got 4\nlinha 31: Wrong indentation for ""Step"", expected indentation level of 2, but got 4\nlinha 34: Wrong indentation for ""Step"", expected indentation level of 2, but got 4\nlinha 35: Wrong indentation for ""Step"", expected indentation level of 2, but got 4\nlinha 36: Wrong indentation for ""Step"", expected indentation level of 2, but got 4\nlinha 37: Wrong indentation for ""Step"", expected indentation level of 2, but got 4\nlinha 38: Wrong indentation for ""Step"", expected indentation level of 2, but got 4",29,IRPTeam_IRP\_00509PaymentTermsCatalog_story_processado.txt,IRPTeam_IRP\_00509PaymentTermsCatalog_story_processado_relatorio.txt
IRPTeam_IRP\_0296Unbundling_story_processado,IRPTeam_IRP,0,1,-,"linha 4: Wrong indentation for ""Step"", expected indentation level of 2, but got 4\nlinha 5: Wrong indentation for ""Step"", expected indentation level of 2, but got 4\nlinha 6: Wrong indentation for ""Step"", expected indentation level of 2, but got 4\nlinha 6: Step name is too long. Length of 71 is longer than the maximum allowed: 70\nlinha 7: Wrong indentation for ""Step"", expected indentation level of 2, but got 4\nlinha 8: Wrong indentation for ""Step"", expected indentation level of 2, but got 4\nlinha 11: Wrong indentation for ""Step"", expected indentation level of 2, but got 4\nlinha 12: Wrong indentation for ""Step"", expected indentation level of 2, but got 4\nlinha 13: Wrong indentation for ""Step"", expected indentation level of 2, but got 4\nlinha 13: Step name is too long. Length of 95 is longer than the maximum allowed: 70\nlinha 14: Wrong indentation for ""Step"", expected indentation level of 2, but got 4\nlinha 14: Step name is too long. Length of 86 is longer than the maximum allowed: 70\nlinha 16: Scenario name is too long. Length of 74 is longer than the maximum allowed: 70\nlinha 17: Wrong indentation for ""Step"", expected indentation level of 2, but got 4\nlinha 17: Step name is too long. Length of 89 is longer than the maximum allowed: 70\nlinha 18: Wrong indentation for ""Step"", expected indentation level of 2, but got 4\nlinha 19: Wrong indentation for ""Step"", expected indentation level of 2, but got 4\nlinha 19: Step name is too long. Length of 71 is longer than the maximum allowed: 70\nlinha 20: Wrong indentation for ""Step"", expected indentation level of 2, but got 4\nlinha 20: Step name is too long. Length of 105 is longer than the maximum allowed: 70\nlinha 21: Wrong indentation for ""Step"", expected indentation level of 2, but got 4\nlinha 24: Wrong indentation for ""Step"", expected indentation level of 2, but got 4\nlinha 24: Step name is too long. Length of 72 is longer than the maximum allowed: 70\nlinha 25: Wrong indentation for ""Step"", expected indentation level of 2, but got 4\nlinha 26: Wrong indentation for ""Step"", expected indentation level of 2, but got 4\nlinha 26: Step name is too long. Length of 108 is longer than the maximum allowed: 70\nlinha 27: Wrong indentation for ""Step"", expected indentation level of 2, but got 4\nlinha 27: Step name is too long. Length of 112 is longer than the maximum allowed: 70\nlinha 28: Wrong indentation for ""Step"", expected indentation level of 2, but got 4\nlinha 31: Wrong indentation for ""Step"", expected indentation level of 2, but got 4\nlinha 32: Wrong indentation for ""Step"", expected indentation level of 2, but got 4\nlinha 33: Wrong indentation for ""Step"", expected indentation level of 2, but got 4\nlinha 34: Wrong indentation for ""Step"", expected indentation level of 2, but got 4\nlinha 34: Step name is too long. Length of 99 is longer than the maximum allowed: 70\nlinha 35: Wrong indentation for ""Step"", expected indentation level of 2, but got 4",35,IRPTeam_IRP\_0296Unbundling_story_processado.txt,IRPTeam_IRP\_0296Unbundling_story_processado_relatorio.txt
MetaMask_metamask-mobile\ColdStartToOnboardingScreenIOS_story_processado,MetaMask_metamask-mobile,0,1,-,"linha 4: Wrong indentation for ""Step"", expected indentation level of 2, but got 4\nlinha 5: Wrong indentation for ""Step"", expected indentation level of 2, but got 4\nlinha 6: Wrong indentation for ""Step"", expected indentation level of 2, but got 4\nlinha 7: Wrong indentation for ""Step"", expected indentation level of 2, but got 4\nlinha 10: Wrong indentation for ""Step"", expected indentation level of 2, but got 4\nlinha 11: Wrong indentation for ""Step"", expected indentation level of 2, but got 4\nlinha 12: Wrong indentation for ""Step"", expected indentation level of 2, but got 4\nlinha 13: Wrong indentation for ""Step"", expected indentation level of 2, but got 4\nlinha 14: Wrong indentation for ""Step"", expected indentation level of 2, but got 4\nlinha 17: Wrong indentation for ""Step"", expected indentation level of 2, but got 4\nlinha 18: Wrong indentation for ""Step"", expected indentation level of 2, but got 4\nlinha 19: Wrong indentation for ""Step"", expected indentation level of 2, but got 4\nlinha 20: Wrong indentation for ""Step"", expected indentation level of 2, but got 4\nlinha 23: Wrong indentation for ""Step"", expected indentation level of 2, but got 4\nlinha 24: Wrong indentation for ""Step"", expected indentation level of 2, but got 4\nlinha 25: Wrong indentation for ""Step"", expected indentation level of 2, but got 4\nlinha 26: Wrong indentation for ""Step"", expected indentation level of 2, but got 4\nlinha 29: Wrong indentation for ""Step"", expected indentation level of 2, but got 4\nlinha 30: Wrong indentation for ""Step"", expected indentation level of 2, but got 4\nlinha 31: Wrong indentation for ""Step"", expected indentation level of 2, but got 4\nlinha 32: Wrong indentation for ""Step"", expected indentation level of 2, but got 4",21,MetaMask_metamask-mobile\ColdStartToOnboardingScreenIOS_story_processado.txt,MetaMask_metamask-mobile\ColdStartToOnboardingScreenIOS_story_processado_relatorio.txt
MetaMask_metamask-mobile\NetworkFlow_story_processado,MetaMask_metamask-mobile,0,1,-,"linha 4: Wrong indentation for ""Step"", expected indentation level of 2, but got 4\nlinha 5: Wrong indentation for ""Step"", expected indentation level of 2, but got 4\nlinha 6: Wrong indentation for ""Step"", expected indentation level of 2, but got 4\nlinha 7: Wrong indentation for ""Step"", expected indentation level of 2, but got 4\nlinha 8: Wrong indentation for ""Step"", expected indentation level of 2, but got 4\nlinha 11: Wrong indentation for ""Step"", expected indentation level of 2, but got 4\nlinha 12: Wrong indentation for ""Step"", expected indentation level of 2, but got 4\nlinha 13: Wrong indentation for ""Step"", expected indentation level of 2, but got 4\nlinha 13: Step name is too long. Length of 119 is longer than the maximum allowed: 70\nlinha 14: Wrong indentation for ""Step"", expected indentation level of 2, but got 4\nlinha 15: Wrong indentation for ""Step"", expected indentation level of 2, but got 4\nlinha 18: Wrong indentation for ""Step"", expected indentation level of 2, but got 4\nlinha 19: Wrong indentation for ""Step"", expected indentation level of 2, but got 4\nlinha 20: Wrong indentation for ""Step"", expected indentation level of 2, but got 4\nlinha 20: Step name is too long. Length of 105 is longer than the maximum allowed: 70\nlinha 21: Wrong indentation for ""Step"", expected indentation level of 2, but got 4\nlinha 22: Wrong indentation for ""Step"", expected indentation level of 2, but got 4\nlinha 25: Wrong indentation for ""Step"", expected indentation level of 2, but got 4\nlinha 26: Wrong indentation for ""Step"", expected indentation level of 2, but got 4\nlinha 27: Wrong indentation for ""Step"", expected indentation level of 2, but got 4\nlinha 28: Wrong indentation for ""Step"", expected indentation level of 2, but got 4\nlinha 29: Wrong indentation for ""Step"", expected indentation level of 2, but got 4\nlinha 32: Wrong indentation for ""Step"", expected indentation level of 2, but got 4\nlinha 33: Wrong indentation for ""Step"", expected indentation level of 2, but got 4\nlinha 34: Wrong indentation for ""Step"", expected indentation level of 2, but got 4\nlinha 35: Wrong indentation for ""Step"", expected indentation level of 2, but got 4\nlinha 35: Step name is too long. Length of 119 is longer than the maximum allowed: 70\nlinha 36: Wrong indentation for ""Step"", expected indentation level of 2, but got 4\nlinha 37: Wrong indentation for ""Step"", expected indentation level of 2, but got 4",29,MetaMask_metamask-mobile\NetworkFlow_story_processado.txt,MetaMask_metamask-mobile\NetworkFlow_story_processado_relatorio.txt
MetaMask_metamask-mobile\RequestTokenFlow_story_processado,MetaMask_metamask-mobile,0,1,-,"linha 4: Wrong indentation for ""Step"", expected indentation level of 2, but got 4\nlinha 5: Wrong indentation for ""Step"", expected indentation level of 2, but got 4\nlinha 6: Wrong indentation for ""Step"", expected indentation level of 2, but got 4\nlinha 7: Wrong indentation for ""Step"", expected indentation level of 2, but got 4\nlinha 10: Wrong indentation for ""Step"", expected indentation level of 2, but got 4\nlinha 11: Wrong indentation for ""Step"", expected indentation level of 2, but got 4\nlinha 12: Wrong indentation for ""Step"", expected indentation level of 2, but got 4\nlinha 13: Wrong indentation for ""Step"", expected indentation level of 2, but got 4\nlinha 16: Wrong indentation for ""Step"", expected indentation level of 2, but got 4\nlinha 17: Wrong indentation for ""Step"", expected indentation level of 2, but got 4\nlinha 18: Wrong indentation for ""Step"", expected indentation level of 2, but got 4\nlinha 18: Step name is too long. Length of 75 is longer than the maximum allowed: 70\nlinha 19: Wrong indentation for ""Step"", expected indentation level of 2, but got 4\nlinha 22: Wrong indentation for ""Step"", expected indentation level of 2, but got 4\nlinha 23: Wrong indentation for ""Step"", expected indentation level of 2, but got 4\nlinha 24: Wrong indentation for ""Step"", expected indentation level of 2, but got 4\nlinha 25: Wrong indentation for ""Step"", expected indentation level of 2, but got 4\nlinha 28: Wrong indentation for ""Step"", expected indentation level of 2, but got 4\nlinha 29: Wrong indentation for ""Step"", expected indentation level of 2, but got 4\nlinha 30: Wrong indentation for ""Step"", expected indentation level of 2, but got 4\nlinha 31: Wrong indentation for ""Step"", expected indentation level of 2, but got 4",21,MetaMask_metamask-mobile\RequestTokenFlow_story_processado.txt,MetaMask_metamask-mobile\RequestTokenFlow_story_processado_relatorio.txt
MetaMask_metamask-mobile\SendEthGasApiDown_story_processado,MetaMask_metamask-mobile,0,1,-,"linha 4: Wrong indentation for ""Step"", expected indentation level of 2, but got 4\nlinha 5: Wrong indentation for ""Step"", expected indentation level of 2, but got 4\nlinha 6: Wrong indentation for ""Step"", expected indentation level of 2, but got 4\nlinha 7: Wrong indentation for ""Step"", expected indentation level of 2, but got 4\nlinha 8: Wrong indentation for ""Step"", expected indentation level of 2, but got 4\nlinha 9: Wrong indentation for ""Step"", expected indentation level of 2, but got 4\nlinha 12: Wrong indentation for ""Step"", expected indentation level of 2, but got 4\nlinha 13: Wrong indentation for ""Step"", expected indentation level of 2, but got 4\nlinha 14: Wrong indentation for ""Step"", expected indentation level of 2, but got 4\nlinha 15: Wrong indentation for ""Step"", expected indentation level of 2, but got 4\nlinha 16: Wrong indentation for ""Step"", expected indentation level of 2, but got 4\nlinha 17: Wrong indentation for ""Step"", expected indentation level of 2, but got 4\nlinha 20: Wrong indentation for ""Step"", expected indentation level of 2, but got 4\nlinha 21: Wrong indentation for ""Step"", expected indentation level of 2, but got 4\nlinha 22: Wrong indentation for ""Step"", expected indentation level of 2, but got 4\nlinha 23: Wrong indentation for ""Step"", expected indentation level of 2, but got 4\nlinha 24: Wrong indentation for ""Step"", expected indentation level of 2, but got 4\nlinha 24: Step name is too long. Length of 73 is longer than the maximum allowed: 70\nlinha 25: Wrong indentation for ""Step"", expected indentation level of 2, but got 4\nlinha 28: Wrong indentation for ""Step"", expected indentation level of 2, but got 4\nlinha 29: Wrong indentation for ""Step"", expected indentation level of 2, but got 4\nlinha 30: Wrong indentation for ""Step"", expected indentation level of 2, but got 4\nlinha 31: Wrong indentation for ""Step"", expected indentation level of 2, but got 4\nlinha 32: Wrong indentation for ""Step"", expected indentation level of 2, but got 4\nlinha 33: Wrong indentation for ""Step"", expected indentation level of 2, but got 4\nlinha 33: Step name is too long. Length of 80 is longer than the maximum allowed: 70\nlinha 34: Wrong indentation for ""Step"", expected indentation level of 2, but got 4\nlinha 37: Wrong indentation for ""Step"", expected indentation level of 2, but got 4\nlinha 38: Wrong indentation for ""Step"", expected indentation level of 2, but got 4\nlinha 39: Wrong indentation for ""Step"", expected indentation level of 2, but got 4\nlinha 40: Wrong indentation for ""Step"", expected indentation level of 2, but got 4\nlinha 41: Wrong indentation for ""Step"", expected indentation level of 2, but got 4\nlinha 42: Wrong indentation for ""Step"", expected indentation level of 2, but got 4",33,MetaMask_metamask-mobile\SendEthGasApiDown_story_processado.txt,MetaMask_metamask-mobile\SendEthGasApiDown_story_processado_relatorio.txt
SFDigitalServices_sf-dahlia-web\custom_educator_listing_1_story_processado,SFDigitalServices_sf-dahlia-web,0,1,-,"linha 4: Wrong indentation for ""Step"", expected indentation level of 2, but got 4\nlinha 5: Wrong indentation for ""Step"", expected indentation level of 2, but got 4\nlinha 6: Wrong indentation for ""Step"", expected indentation level of 2, but got 4\nlinha 7: Wrong indentation for ""Step"", expected indentation level of 2, but got 4\nlinha 7: Step name is too long. Length of 103 is longer than the maximum allowed: 70\nlinha 8: Wrong indentation for ""Step"", expected indentation level of 2, but got 4\nlinha 9: Wrong indentation for ""Step"", expected indentation level of 2, but got 4\nlinha 12: Wrong indentation for ""Step"", expected indentation level of 2, but got 4\nlinha 13: Wrong indentation for ""Step"", expected indentation level of 2, but got 4\nlinha 14: Wrong indentation for ""Step"", expected indentation level of 2, but got 4\nlinha 15: Wrong indentation for ""Step"", expected indentation level of 2, but got 4\nlinha 15: Step name is too long. Length of 102 is longer than the maximum allowed: 70\nlinha 16: Wrong indentation for ""Step"", expected indentation level of 2, but got 4\nlinha 17: Wrong indentation for ""Step"", expected indentation level of 2, but got 4\nlinha 20: Wrong indentation for ""Step"", expected indentation level of 2, but got 4\nlinha 21: Wrong indentation for ""Step"", expected indentation level of 2, but got 4\nlinha 22: Wrong indentation for ""Step"", expected indentation level of 2, but got 4\nlinha 23: Wrong indentation for ""Step"", expected indentation level of 2, but got 4\nlinha 23: Step name is too long. Length of 103 is longer than the maximum allowed: 70\nlinha 24: Wrong indentation for ""Step"", expected indentation level of 2, but got 4\nlinha 25: Wrong indentation for ""Step"", expected indentation level of 2, but got 4\nlinha 26: Wrong indentation for ""Step"", expected indentation level of 2, but got 4\nlinha 29: Wrong indentation for ""Step"", expected indentation level of 2, but got 4\nlinha 30: Wrong indentation for ""Step"", expected indentation level of 2, but got 4\nlinha 31: Wrong indentation for ""Step"", expected indentation level of 2, but got 4\nlinha 32: Wrong indentation for ""Step"", expected indentation level of 2, but got 4\nlinha 32: Step name is too long. Length of 103 is longer than the maximum allowed: 70\nlinha 33: Wrong indentation for ""Step"", expected indentation level of 2, but got 4\nlinha 34: Wrong indentation for ""Step"", expected indentation level of 2, but got 4\nlinha 37: Wrong indentation for ""Step"", expected indentation level of 2, but got 4\nlinha 38: Wrong indentation for ""Step"", expected indentation level of 2, but got 4\nlinha 39: Wrong indentation for ""Step"", expected indentation level of 2, but got 4\nlinha 40: Wrong indentation for ""Step"", expected indentation level of 2, but got 4\nlinha 41: Wrong indentation for ""Step"", expected indentation level of 2, but got 4\nlinha 42: Wrong indentation for ""Step"", expected indentation level of 2, but got 4",35,SFDigitalServices_sf-dahlia-web\custom_educator_listing_1_story_processado.txt,SFDigitalServices_sf-dahlia-web\custom_educator_listing_1_story_processado_relatorio.txt
SFDigitalServices_sf-dahlia-web\custom_educator_listing_2_story_processado,SFDigitalServices_sf-dahlia-web,0,1,-,"linha 4: Wrong indentation for ""Step"", expected indentation level of 2, but got 4\nlinha 5: Wrong indentation for ""Step"", expected indentation level of 2, but got 4\nlinha 6: Wrong indentation for ""Step"", expected indentation level of 2, but got 4\nlinha 7: Wrong indentation for ""Step"", expected indentation level of 2, but got 4\nlinha 7: Step name is too long. Length of 78 is longer than the maximum allowed: 70\nlinha 8: Wrong indentation for ""Step"", expected indentation level of 2, but got 4\nlinha 9: Wrong indentation for ""Step"", expected indentation level of 2, but got 4\nlinha 12: Wrong indentation for ""Step"", expected indentation level of 2, but got 4\nlinha 13: Wrong indentation for ""Step"", expected indentation level of 2, but got 4\nlinha 14: Wrong indentation for ""Step"", expected indentation level of 2, but got 4\nlinha 15: Wrong indentation for ""Step"", expected indentation level of 2, but got 4\nlinha 15: Step name is too long. Length of 80 is longer than the maximum allowed: 70\nlinha 16: Wrong indentation for ""Step"", expected indentation level of 2, but got 4\nlinha 17: Wrong indentation for ""Step"", expected indentation level of 2, but got 4\nlinha 17: Step name is too long. Length of 80 is longer than the maximum allowed: 70\nlinha 20: Wrong indentation for ""Step"", expected indentation level of 2, but got 4\nlinha 21: Wrong indentation for ""Step"", expected indentation level of 2, but got 4\nlinha 21: Step name is too long. Length of 80 is longer than the maximum allowed: 70\nlinha 22: Wrong indentation for ""Step"", expected indentation level of 2, but got 4\nlinha 23: Wrong indentation for ""Step"", expected indentation level of 2, but got 4\nlinha 24: Wrong indentation for ""Step"", expected indentation level of 2, but got 4\nlinha 27: Wrong indentation for ""Step"", expected indentation level of 2, but got 4\nlinha 28: Wrong indentation for ""Step"", expected indentation level of 2, but got 4\nlinha 29: Wrong indentation for ""Step"", expected indentation level of 2, but got 4\nlinha 30: Wrong indentation for ""Step"", expected indentation level of 2, but got 4\nlinha 30: Step name is too long. Length of 71 is longer than the maximum allowed: 70\nlinha 31: Wrong indentation for ""Step"", expected indentation level of 2, but got 4\nlinha 32: Wrong indentation for ""Step"", expected indentation level of 2, but got 4\nlinha 32: Step name is too long. Length of 81 is longer than the maximum allowed: 70\nlinha 35: Wrong indentation for ""Step"", expected indentation level of 2, but got 4\nlinha 36: Wrong indentation for ""Step"", expected indentation level of 2, but got 4\nlinha 36: Step name is too long. Length of 80 is longer than the maximum allowed: 70\nlinha 37: Wrong indentation for ""Step"", expected indentation level of 2, but got 4\nlinha 38: Wrong indentation for ""Step"", expected indentation level of 2, but got 4\nlinha 39: Wrong indentation for ""Step"", expected indentation level of 2, but got 4\nlinha 40: Wrong indentation for ""Step"", expected indentation level of 2, but got 4",36,SFDigitalServices_sf-dahlia-web\custom_educator_listing_2_story_processado.txt,SFDigitalServices_sf-dahlia-web\custom_educator_listing_2_story_processado_relatorio.txt
SFDigitalServices_sf-dahlia-web\nrhp_story_processado,SFDigitalServices_sf-dahlia-web,0,1,-,"linha 4: Wrong indentation for ""Step"", expected indentation level of 2, but got 4\nlinha 5: Wrong indentation for ""Step"", expected indentation level of 2, but got 4\nlinha 6: Wrong indentation for ""Step"", expected indentation level of 2, but got 4\nlinha 7: Wrong indentation for ""Step"", expected indentation level of 2, but got 4\nlinha 8: Wrong indentation for ""Step"", expected indentation level of 2, but got 4\nlinha 11: Wrong indentation for ""Step"", expected indentation level of 2, but got 4\nlinha 12: Wrong indentation for ""Step"", expected indentation level of 2, but got 4\nlinha 13: Wrong indentation for ""Step"", expected indentation level of 2, but got 4\nlinha 14: Wrong indentation for ""Step"", expected indentation level of 2, but got 4\nlinha 14: Step name is too long. Length of 75 is longer than the maximum allowed: 70\nlinha 15: Wrong indentation for ""Step"", expected indentation level of 2, but got 4\nlinha 15: Step name is too long. Length of 74 is longer than the maximum allowed: 70\nlinha 18: Wrong indentation for ""Step"", expected indentation level of 2, but got 4\nlinha 18: Step name is too long. Length of 88 is longer than the maximum allowed: 70\nlinha 19: Wrong indentation for ""Step"", expected indentation level of 2, but got 4\nlinha 20: Wrong indentation for ""Step"", expected indentation level of 2, but got 4\nlinha 21: Wrong indentation for ""Step"", expected indentation level of 2, but got 4\nlinha 21: Step name is too long. Length of 102 is longer than the maximum allowed: 70\nlinha 22: Wrong indentation for ""Step"", expected indentation level of 2, but got 4\nlinha 22: Step name is too long. Length of 82 is longer than the maximum allowed: 70\nlinha 25: Wrong indentation for ""Step"", expected indentation level of 2, but got 4\nlinha 25: Step name is too long. Length of 85 is longer than the maximum allowed: 70\nlinha 26: Wrong indentation for ""Step"", expected indentation level of 2, but got 4\nlinha 27: Wrong indentation for ""Step"", expected indentation level of 2, but got 4\nlinha 28: Wrong indentation for ""Step"", expected indentation level of 2, but got 4\nlinha 28: Step name is too long. Length of 75 is longer than the maximum allowed: 70\nlinha 31: Wrong indentation for ""Step"", expected indentation level of 2, but got 4\nlinha 31: Step name is too long. Length of 85 is longer than the maximum allowed: 70\nlinha 32: Wrong indentation for ""Step"", expected indentation level of 2, but got 4\nlinha 32: Step name is too long. Length of 76 is longer than the maximum allowed: 70\nlinha 33: Wrong indentation for ""Step"", expected indentation level of 2, but got 4\nlinha 33: Step name is too long. Length of 75 is longer than the maximum allowed: 70\nlinha 34: Wrong indentation for ""Step"", expected indentation level of 2, but got 4",33,SFDigitalServices_sf-dahlia-web\nrhp_story_processado.txt,SFDigitalServices_sf-dahlia-web\nrhp_story_processado_relatorio.txt
SFDigitalServices_sf-dahlia-web\sign_in_while_applying_story_processado,SFDigitalServices_sf-dahlia-web,0,1,-,"linha 3: Scenario name is too long. Length of 75 is longer than the maximum allowed: 70\nlinha 4: Wrong indentation for ""Step"", expected indentation level of 2, but got 4\nlinha 5: Wrong indentation for ""Step"", expected indentation level of 2, but got 4\nlinha 6: Wrong indentation for ""Step"", expected indentation level of 2, but got 4\nlinha 7: Wrong indentation for ""Step"", expected indentation level of 2, but got 4\nlinha 8: Wrong indentation for ""Step"", expected indentation level of 2, but got 4\nlinha 9: Wrong indentation for ""Step"", expected indentation level of 2, but got 4\nlinha 11: Scenario name is too long. Length of 77 is longer than the maximum allowed: 70\nlinha 12: Wrong indentation for ""Step"", expected indentation level of 2, but got 4\nlinha 13: Wrong indentation for ""Step"", expected indentation level of 2, but got 4\nlinha 14: Wrong indentation for ""Step"", expected indentation level of 2, but got 4\nlinha 15: Wrong indentation for ""Step"", expected indentation level of 2, but got 4\nlinha 16: Wrong indentation for ""Step"", expected indentation level of 2, but got 4\nlinha 17: Wrong indentation for ""Step"", expected indentation level of 2, but got 4\nlinha 20: Wrong indentation for ""Step"", expected indentation level of 2, but got 4\nlinha 21: Wrong indentation for ""Step"", expected indentation level of 2, but got 4\nlinha 22: Wrong indentation for ""Step"", expected indentation level of 2, but got 4\nlinha 23: Wrong indentation for ""Step"", expected indentation level of 2, but got 4\nlinha 24: Wrong indentation for ""Step"", expected indentation level of 2, but got 4\nlinha 25: Wrong indentation for ""Step"", expected indentation level of 2, but got 4\nlinha 25: Step name is too long. Length of 78 is longer than the maximum allowed: 70\nlinha 28: Wrong indentation for ""Step"", expected indentation level of 2, but got 4\nlinha 28: Step name is too long. Length of 100 is longer than the maximum allowed: 70\nlinha 29: Wrong indentation for ""Step"", expected indentation level of 2, but got 4\nlinha 29: Step name is too long. Length of 80 is longer than the maximum allowed: 70\nlinha 30: Wrong indentation for ""Step"", expected indentation level of 2, but got 4\nlinha 31: Wrong indentation for ""Step"", expected indentation level of 2, but got 4\nlinha 32: Wrong indentation for ""Step"", expected indentation level of 2, but got 4\nlinha 33: Wrong indentation for ""Step"", expected indentation level of 2, but got 4\nlinha 33: Step name is too long. Length of 76 is longer than the maximum allowed: 70\nlinha 36: Wrong indentation for ""Step"", expected indentation level of 2, but got 4\nlinha 37: Wrong indentation for ""Step"", expected indentation level of 2, but got 4\nlinha 38: Wrong indentation for ""Step"", expected indentation level of 2, but got 4\nlinha 39: Wrong indentation for ""Step"", expected indentation level of 2, but got 4\nlinha 40: Wrong indentation for ""Step"", expected indentation level of 2, but got 4\nlinha 41: Wrong indentation for ""Step"", expected indentation level of 2, but got 4",36,SFDigitalServices_sf-dahlia-web\sign_in_while_applying_story_processado.txt,SFDigitalServices_sf-dahlia-web\sign_in_while_applying_story_processado_relatorio.txt
Sylius_Sylius\choosing_province_for_country_story_processado,Sylius_Sylius,0,1,-,"linha 4: Wrong indentation for ""Step"", expected indentation level of 2, but got 4\nlinha 5: Wrong indentation for ""Step"", expected indentation level of 2, but got 4\nlinha 6: Wrong indentation for ""Step"", expected indentation level of 2, but got 4\nlinha 7: Wrong indentation for ""Step"", expected indentation level of 2, but got 4\nlinha 8: Wrong indentation for ""Step"", expected indentation level of 2, but got 4\nlinha 9: Wrong indentation for ""Step"", expected indentation level of 2, but got 4\nlinha 12: Wrong indentation for ""Step"", expected indentation level of 2, but got 4\nlinha 13: Wrong indentation for ""Step"", expected indentation level of 2, but got 4\nlinha 14: Wrong indentation for ""Step"", expected indentation level of 2, but got 4\nlinha 15: Wrong indentation for ""Step"", expected indentation level of 2, but got 4\nlinha 16: Wrong indentation for ""Step"", expected indentation level of 2, but got 4\nlinha 19: Wrong indentation for ""Step"", expected indentation level of 2, but got 4\nlinha 20: Wrong indentation for ""Step"", expected indentation level of 2, but got 4\nlinha 21: Wrong indentation for ""Step"", expected indentation level of 2, but got 4\nlinha 22: Wrong indentation for ""Step"", expected indentation level of 2, but got 4\nlinha 22: Step name is too long. Length of 73 is longer than the maximum allowed: 70\nlinha 23: Wrong indentation for ""Step"", expected indentation level of 2, but got 4\nlinha 24: Wrong indentation for ""Step"", expected indentation level of 2, but got 4\nlinha 27: Wrong indentation for ""Step"", expected indentation level of 2, but got 4\nlinha 28: Wrong indentation for ""Step"", expected indentation level of 2, but got 4\nlinha 29: Wrong indentation for ""Step"", expected indentation level of 2, but got 4\nlinha 30: Wrong indentation for ""Step"", expected indentation level of 2, but got 4\nlinha 31: Wrong indentation for ""Step"", expected indentation level of 2, but got 4\nlinha 32: Wrong indentation for ""Step"", expected indentation level of 2, but got 4\nlinha 35: Wrong indentation for ""Step"", expected indentation level of 2, but got 4\nlinha 36: Wrong indentation for ""Step"", expected indentation level of 2, but got 4\nlinha 37: Wrong indentation for ""Step"", expected indentation level of 2, but got 4\nlinha 38: Wrong indentation for ""Step"", expected indentation level of 2, but got 4",28,Sylius_Sylius\choosing_province_for_country_story_processado.txt,Sylius_Sylius\choosing_province_for_country_story_processado_relatorio.txt
Sylius_Sylius\returning_from_addressing_step_to_shop_homepage_story_processado,Sylius_Sylius,0,1,-,"linha 1: Feature name is too long. Length of 64 is longer than the maximum allowed: 50\nlinha 4: Wrong indentation for ""Step"", expected indentation level of 2, but got 4\nlinha 5: Wrong indentation for ""Step"", expected indentation level of 2, but got 4\nlinha 6: Wrong indentation for ""Step"", expected indentation level of 2, but got 4\nlinha 7: Wrong indentation for ""Step"", expected indentation level of 2, but got 4\nlinha 8: Wrong indentation for ""Step"", expected indentation level of 2, but got 4\nlinha 11: Wrong indentation for ""Step"", expected indentation level of 2, but got 4\nlinha 12: Wrong indentation for ""Step"", expected indentation level of 2, but got 4\nlinha 13: Wrong indentation for ""Step"", expected indentation level of 2, but got 4\nlinha 14: Wrong indentation for ""Step"", expected indentation level of 2, but got 4\nlinha 15: Wrong indentation for ""Step"", expected indentation level of 2, but got 4\nlinha 18: Wrong indentation for ""Step"", expected indentation level of 2, but got 4\nlinha 19: Wrong indentation for ""Step"", expected indentation level of 2, but got 4\nlinha 20: Wrong indentation for ""Step"", expected indentation level of 2, but got 4\nlinha 21: Wrong indentation for ""Step"", expected indentation level of 2, but got 4\nlinha 22: Wrong indentation for ""Step"", expected indentation level of 2, but got 4\nlinha 25: Wrong indentation for ""Step"", expected indentation level of 2, but got 4\nlinha 26: Wrong indentation for ""Step"", expected indentation level of 2, but got 4\nlinha 27: Wrong indentation for ""Step"", expected indentation level of 2, but got 4\nlinha 28: Wrong indentation for ""Step"", expected indentation level of 2, but got 4\nlinha 29: Wrong indentation for ""Step"", expected indentation level of 2, but got 4\nlinha 32: Wrong indentation for ""Step"", expected indentation level of 2, but got 4\nlinha 33: Wrong indentation for ""Step"", expected indentation level of 2, but got 4\nlinha 34: Wrong indentation for ""Step"", expected indentation level of 2, but got 4\nlinha 35: Wrong indentation for ""Step"", expected indentation level of 2, but got 4\nlinha 36: Wrong indentation for ""Step"", expected indentation level of 2, but got 4\nlinha 37: Wrong indentation for ""Step"", expected indentation level of 2, but got 4\nlinha 38: Wrong indentation for ""Step"", expected indentation level of 2, but got 4",28,Sylius_Sylius\returning_from_addressing_step_to_shop_homepage_story_processado.txt,Sylius_Sylius\returning_from_addressing_step_to_shop_homepage_story_processado_relatorio.txt
Sylius_Sylius\seeing_shipping_method_when_all_units_match_to_shipping_category_story_processado,Sylius_Sylius,0,1,-,"linha 1: Feature name is too long. Length of 81 is longer than the maximum allowed: 50\nlinha 4: Wrong indentation for ""Step"", expected indentation level of 2, but got 4\nlinha 5: Wrong indentation for ""Step"", expected indentation level of 2, but got 4\nlinha 6: Wrong indentation for ""Step"", expected indentation level of 2, but got 4\nlinha 6: Step name is too long. Length of 72 is longer than the maximum allowed: 70\nlinha 7: Wrong indentation for ""Step"", expected indentation level of 2, but got 4\nlinha 10: Wrong indentation for ""Step"", expected indentation level of 2, but got 4\nlinha 10: Step name is too long. Length of 80 is longer than the maximum allowed: 70\nlinha 11: Wrong indentation for ""Step"", expected indentation level of 2, but got 4\nlinha 12: Wrong indentation for ""Step"", expected indentation level of 2, but got 4\nlinha 12: Step name is too long. Length of 74 is longer than the maximum allowed: 70\nlinha 13: Wrong indentation for ""Step"", expected indentation level of 2, but got 4\nlinha 16: Wrong indentation for ""Step"", expected indentation level of 2, but got 4\nlinha 17: Wrong indentation for ""Step"", expected indentation level of 2, but got 4\nlinha 18: Wrong indentation for ""Step"", expected indentation level of 2, but got 4\nlinha 18: Step name is too long. Length of 74 is longer than the maximum allowed: 70\nlinha 19: Wrong indentation for ""Step"", expected indentation level of 2, but got 4\nlinha 22: Wrong indentation for ""Step"", expected indentation level of 2, but got 4\nlinha 23: Wrong indentation for ""Step"", expected indentation level of 2, but got 4\nlinha 23: Step name is too long. Length of 72 is longer than the maximum allowed: 70\nlinha 24: Wrong indentation for ""Step"", expected indentation level of 2, but got 4\nlinha 25: Wrong indentation for ""Step"", expected indentation level of 2, but got 4\nlinha 25: Step name is too long. Length of 74 is longer than the maximum allowed: 70\nlinha 28: Wrong indentation for ""Step"", expected indentation level of 2, but got 4\nlinha 29: Wrong indentation for ""Step"", expected indentation level of 2, but got 4\nlinha 30: Wrong indentation for ""Step"", expected indentation level of 2, but got 4\nlinha 30: Step name is too long. Length of 72 is longer than the maximum allowed: 70\nlinha 31: Wrong indentation for ""Step"", expected indentation level of 2, but got 4",28,Sylius_Sylius\seeing_shipping_method_when_all_units_match_to_shipping_category_story_processado.txt,Sylius_Sylius\seeing_shipping_method_when_all_units_match_to_shipping_category_story_processado_relatorio.txt
Sylius_Sylius\sorting_payment_methods_by_position_story_processado,Sylius_Sylius,0,1,-,"linha 1: Feature name is too long. Length of 52 is longer than the maximum allowed: 50\nlinha 4: Wrong indentation for ""Step"", expected indentation level of 2, but got 4\nlinha 5: Wrong indentation for ""Step"", expected indentation level of 2, but got 4\nlinha 6: Wrong indentation for ""Step"", expected indentation level of 2, but got 4\nlinha 9: Wrong indentation for ""Step"", expected indentation level of 2, but got 4\nlinha 10: Wrong indentation for ""Step"", expected indentation level of 2, but got 4\nlinha 11: Wrong indentation for ""Step"", expected indentation level of 2, but got 4\nlinha 14: Wrong indentation for ""Step"", expected indentation level of 2, but got 4\nlinha 15: Wrong indentation for ""Step"", expected indentation level of 2, but got 4\nlinha 15: Step name is too long. Length of 85 is longer than the maximum allowed: 70\nlinha 16: Wrong indentation for ""Step"", expected indentation level of 2, but got 4\nlinha 19: Wrong indentation for ""Step"", expected indentation level of 2, but got 4\nlinha 20: Wrong indentation for ""Step"", expected indentation level of 2, but got 4\nlinha 20: Step name is too long. Length of 84 is longer than the maximum allowed: 70\nlinha 21: Wrong indentation for ""Step"", expected indentation level of 2, but got 4\nlinha 24: Wrong indentation for ""Step"", expected indentation level of 2, but got 4\nlinha 25: Wrong indentation for ""Step"", expected indentation level of 2, but got 4\nlinha 25: Step name is too long. Length of 83 is longer than the maximum allowed: 70\nlinha 26: Wrong indentation for ""Step"", expected indentation level of 2, but got 4\nlinha 27: Wrong indentation for ""Step"", expected indentation level of 2, but got 4\nlinha 27: Step name is too long. Length of 85 is longer than the maximum allowed: 70",21,Sylius_Sylius\sorting_payment_methods_by_position_story_processado.txt,Sylius_Sylius\sorting_payment_methods_by_position_story_processado_relatorio.txt
alphagov_whitehall\policy-groups_story_processado,alphagov_whitehall,0,1,-,"linha 4: Wrong indentation for ""Step"", expected indentation level of 2, but got 4\nlinha 4: Step name is too long. Length of 73 is longer than the maximum allowed: 70\nlinha 5: Wrong indentation for ""Step"", expected indentation level of 2, but got 4\nlinha 5: Step name is too long. Length of 77 is longer than the maximum allowed: 70\nlinha 6: Wrong indentation for ""Step"", expected indentation level of 2, but got 4\nlinha 7: Wrong indentation for ""Step"", expected indentation level of 2, but got 4\nlinha 7: Step name is too long. Length of 71 is longer than the maximum allowed: 70\nlinha 8: Wrong indentation for ""Step"", expected indentation level of 2, but got 4\nlinha 9: Wrong indentation for ""Step"", expected indentation level of 2, but got 4\nlinha 10: Wrong indentation for ""Step"", expected indentation level of 2, but got 4\nlinha 11: Wrong indentation for ""Step"", expected indentation level of 2, but got 4\nlinha 14: Wrong indentation for ""Step"", expected indentation level of 2, but got 4\nlinha 15: Wrong indentation for ""Step"", expected indentation level of 2, but got 4\nlinha 15: Step name is too long. Length of 97 is longer than the maximum allowed: 70\nlinha 16: Wrong indentation for ""Step"", expected indentation level of 2, but got 4\nlinha 16: Step name is too long. Length of 140 is longer than the maximum allowed: 70\nlinha 17: Wrong indentation for ""Step"", expected indentation level of 2, but got 4\nlinha 18: Wrong indentation for ""Step"", expected indentation level of 2, but got 4\nlinha 18: Step name is too long. Length of 79 is longer than the maximum allowed: 70\nlinha 21: Wrong indentation for ""Step"", expected indentation level of 2, but got 4\nlinha 22: Wrong indentation for ""Step"", expected indentation level of 2, but got 4\nlinha 23: Wrong indentation for ""Step"", expected indentation level of 2, but got 4\nlinha 23: Step name is too long. Length of 106 is longer than the maximum allowed: 70\nlinha 24: Wrong indentation for ""Step"", expected indentation level of 2, but got 4\nlinha 25: Wrong indentation for ""Step"", expected indentation level of 2, but got 4\nlinha 28: Wrong indentation for ""Step"", expected indentation level of 2, but got 4\nlinha 29: Wrong indentation for ""Step"", expected indentation level of 2, but got 4\nlinha 29: Step name is too long. Length of 77 is longer than the maximum allowed: 70\nlinha 30: Wrong indentation for ""Step"", expected indentation level of 2, but got 4\nlinha 31: Wrong indentation for ""Step"", expected indentation level of 2, but got 4\nlinha 32: Wrong indentation for ""Step"", expected indentation level of 2, but got 4\nlinha 32: Step name is too long. Length of 89 is longer than the maximum allowed: 70\nlinha 35: Wrong indentation for ""Step"", expected indentation level of 2, but got 4\nlinha 36: Wrong indentation for ""Step"", expected indentation level of 2, but got 4\nlinha 37: Wrong indentation for ""Step"", expected indentation level of 2, but got 4\nlinha 37: Step name is too long. Length of 73 is longer than the maximum allowed: 70\nlinha 38: Wrong indentation for ""Step"", expected indentation level of 2, but got 4\nlinha 38: Step name is too long. Length of 74 is longer than the maximum allowed: 70\nlinha 39: Wrong indentation for ""Step"", expected indentation level of 2, but got 4\nlinha 40: Wrong indentation for ""Step"", expected indentation level of 2, but got 4",40,alphagov_whitehall\policy-groups_story_processado.txt,alphagov_whitehall\policy-groups_story_processado_relatorio.txt
alphagov_whitehall\review_reminder_story_processado,alphagov_whitehall,0,1,-,"linha 4: Wrong indentation for ""Step"", expected indentation level of 2, but got 4\nlinha 5: Wrong indentation for ""Step"", expected indentation level of 2, but got 4\nlinha 6: Wrong indentation for ""Step"", expected indentation level of 2, but got 4\nlinha 7: Wrong indentation for ""Step"", expected indentation level of 2, but got 4\nlinha 7: Step name is too long. Length of 76 is longer than the maximum allowed: 70\nlinha 8: Wrong indentation for ""Step"", expected indentation level of 2, but got 4\nlinha 11: Wrong indentation for ""Step"", expected indentation level of 2, but got 4\nlinha 12: Wrong indentation for ""Step"", expected indentation level of 2, but got 4\nlinha 13: Wrong indentation for ""Step"", expected indentation level of 2, but got 4\nlinha 13: Step name is too long. Length of 76 is longer than the maximum allowed: 70\nlinha 14: Wrong indentation for ""Step"", expected indentation level of 2, but got 4\nlinha 17: Wrong indentation for ""Step"", expected indentation level of 2, but got 4\nlinha 18: Wrong indentation for ""Step"", expected indentation level of 2, but got 4\nlinha 19: Wrong indentation for ""Step"", expected indentation level of 2, but got 4\nlinha 20: Wrong indentation for ""Step"", expected indentation level of 2, but got 4\nlinha 23: Wrong indentation for ""Step"", expected indentation level of 2, but got 4\nlinha 24: Wrong indentation for ""Step"", expected indentation level of 2, but got 4\nlinha 25: Wrong indentation for ""Step"", expected indentation level of 2, but got 4\nlinha 26: Wrong indentation for ""Step"", expected indentation level of 2, but got 4\nlinha 26: Step name is too long. Length of 79 is longer than the maximum allowed: 70\nlinha 29: Wrong indentation for ""Step"", expected indentation level of 2, but got 4\nlinha 30: Wrong indentation for ""Step"", expected indentation level of 2, but got 4\nlinha 31: Wrong indentation for ""Step"", expected indentation level of 2, but got 4\nlinha 32: Wrong indentation for ""Step"", expected indentation level of 2, but got 4\nlinha 32: Step name is too long. Length of 84 is longer than the maximum allowed: 70\nlinha 33: Wrong indentation for ""Step"", expected indentation level of 2, but got 4",26,alphagov_whitehall\review_reminder_story_processado.txt,alphagov_whitehall\review_reminder_story_processado_relatorio.txt
alphagov_whitehall\topical_events_story_processado,alphagov_whitehall,0,1,-,"linha 4: Wrong indentation for ""Step"", expected indentation level of 2, but got 4\nlinha 5: Wrong indentation for ""Step"", expected indentation level of 2, but got 4\nlinha 6: Wrong indentation for ""Step"", expected indentation level of 2, but got 4\nlinha 7: Wrong indentation for ""Step"", expected indentation level of 2, but got 4\nlinha 8: Wrong indentation for ""Step"", expected indentation level of 2, but got 4\nlinha 9: Wrong indentation for ""Step"", expected indentation level of 2, but got 4\nlinha 12: Wrong indentation for ""Step"", expected indentation level of 2, but got 4\nlinha 13: Wrong indentation for ""Step"", expected indentation level of 2, but got 4\nlinha 14: Wrong indentation for ""Step"", expected indentation level of 2, but got 4\nlinha 15: Wrong indentation for ""Step"", expected indentation level of 2, but got 4\nlinha 16: Wrong indentation for ""Step"", expected indentation level of 2, but got 4\nlinha 19: Wrong indentation for ""Step"", expected indentation level of 2, but got 4\nlinha 20: Wrong indentation for ""Step"", expected indentation level of 2, but got 4\nlinha 21: Wrong indentation for ""Step"", expected indentation level of 2, but got 4\nlinha 22: Wrong indentation for ""Step"", expected indentation level of 2, but got 4\nlinha 23: Wrong indentation for ""Step"", expected indentation level of 2, but got 4\nlinha 24: Wrong indentation for ""Step"", expected indentation level of 2, but got 4\nlinha 27: Wrong indentation for ""Step"", expected indentation level of 2, but got 4\nlinha 28: Wrong indentation for ""Step"", expected indentation level of 2, but got 4\nlinha 29: Wrong indentation for ""Step"", expected indentation level of 2, but got 4\nlinha 30: Wrong indentation for ""Step"", expected indentation level of 2, but got 4\nlinha 31: Wrong indentation for ""Step"", expected indentation level of 2, but got 4\nlinha 34: Wrong indentation for ""Step"", expected indentation level of 2, but got 4\nlinha 35: Wrong indentation for ""Step"", expected indentation level of 2, but got 4\nlinha 36: Wrong indentation for ""Step"", expected indentation level of 2, but got 4\nlinha 37: Wrong indentation for ""Step"", expected indentation level of 2, but got 4\nlinha 38: Wrong indentation for ""Step"", expected indentation level of 2, but got 4",27,alphagov_whitehall\topical_events_story_processado.txt,alphagov_whitehall\topical_events_story_processado_relatorio.txt
alphagov_whitehall\unwithdrawing-withdrawn-documents_story_processado,alphagov_whitehall,0,1,-,"linha 4: Wrong indentation for ""Step"", expected indentation level of 2, but got 4\nlinha 5: Wrong indentation for ""Step"", expected indentation level of 2, but got 4\nlinha 6: Wrong indentation for ""Step"", expected indentation level of 2, but got 4\nlinha 7: Wrong indentation for ""Step"", expected indentation level of 2, but got 4\nlinha 10: Wrong indentation for ""Step"", expected indentation level of 2, but got 4\nlinha 11: Wrong indentation for ""Step"", expected indentation level of 2, but got 4\nlinha 12: Wrong indentation for ""Step"", expected indentation level of 2, but got 4\nlinha 12: Step name is too long. Length of 80 is longer than the maximum allowed: 70\nlinha 15: Wrong indentation for ""Step"", expected indentation level of 2, but got 4\nlinha 16: Wrong indentation for ""Step"", expected indentation level of 2, but got 4\nlinha 17: Wrong indentation for ""Step"", expected indentation level of 2, but got 4\nlinha 17: Step name is too long. Length of 82 is longer than the maximum allowed: 70\nlinha 20: Wrong indentation for ""Step"", expected indentation level of 2, but got 4\nlinha 21: Wrong indentation for ""Step"", expected indentation level of 2, but got 4\nlinha 22: Wrong indentation for ""Step"", expected indentation level of 2, but got 4\nlinha 23: Wrong indentation for ""Step"", expected indentation level of 2, but got 4\nlinha 24: Wrong indentation for ""Step"", expected indentation level of 2, but got 4\nlinha 25: Wrong indentation for ""Step"", expected indentation level of 2, but got 4\nlinha 28: Wrong indentation for ""Step"", expected indentation level of 2, but got 4\nlinha 29: Wrong indentation for ""Step"", expected indentation level of 2, but got 4\nlinha 30: Wrong indentation for ""Step"", expected indentation level of 2, but got 4\nlinha 31: Wrong indentation for ""Step"", expected indentation level of 2, but got 4\nlinha 32: Wrong indentation for ""Step"", expected indentation level of 2, but got 4",23,alphagov_whitehall\unwithdrawing-withdrawn-documents_story_processado.txt,alphagov_whitehall\unwithdrawing-withdrawn-documents_story_processado_relatorio.txt
api-platform_core\absolute_url_story_processado,api-platform_core,0,1,-,"linha 4: Wrong indentation for ""Step"", expected indentation level of 2, but got 4\nlinha 5: Wrong indentation for ""Step"", expected indentation level of 2, but got 4\nlinha 6: Wrong indentation for ""Step"", expected indentation level of 2, but got 4\nlinha 7: Wrong indentation for ""Step"", expected indentation level of 2, but got 4\nlinha 10: Wrong indentation for ""Step"", expected indentation level of 2, but got 4\nlinha 11: Wrong indentation for ""Step"", expected indentation level of 2, but got 4\nlinha 12: Wrong indentation for ""Step"", expected indentation level of 2, but got 4\nlinha 13: Wrong indentation for ""Step"", expected indentation level of 2, but got 4\nlinha 16: Wrong indentation for ""Step"", expected indentation level of 2, but got 4\nlinha 17: Wrong indentation for ""Step"", expected indentation level of 2, but got 4\nlinha 18: Wrong indentation for ""Step"", expected indentation level of 2, but got 4\nlinha 19: Wrong indentation for ""Step"", expected indentation level of 2, but got 4\nlinha 22: Wrong indentation for ""Step"", expected indentation level of 2, but got 4\nlinha 22: Step name is too long. Length of 86 is longer than the maximum allowed: 70\nlinha 23: Wrong indentation for ""Step"", expected indentation level of 2, but got 4\nlinha 24: Wrong indentation for ""Step"", expected indentation level of 2, but got 4\nlinha 25: Wrong indentation for ""Step"", expected indentation level of 2, but got 4\nlinha 28: Wrong indentation for ""Step"", expected indentation level of 2, but got 4\nlinha 28: Step name is too long. Length of 86 is longer than the maximum allowed: 70\nlinha 29: Wrong indentation for ""Step"", expected indentation level of 2, but got 4\nlinha 29: Step name is too long. Length of 77 is longer than the maximum allowed: 70\nlinha 30: Wrong indentation for ""Step"", expected indentation level of 2, but got 4\nlinha 31: Wrong indentation for ""Step"", expected indentation level of 2, but got 4",23,api-platform_core\absolute_url_story_processado.txt,api-platform_core\absolute_url_story_processado_relatorio.txt
api-platform_core\collection_attributes_story_processado,api-platform_core,0,1,-,"linha 4: Wrong indentation for ""Step"", expected indentation level of 2, but got 4\nlinha 5: Wrong indentation for ""Step"", expected indentation level of 2, but got 4\nlinha 6: Wrong indentation for ""Step"", expected indentation level of 2, but got 4\nlinha 7: Wrong indentation for ""Step"", expected indentation level of 2, but got 4\nlinha 10: Wrong indentation for ""Step"", expected indentation level of 2, but got 4\nlinha 11: Wrong indentation for ""Step"", expected indentation level of 2, but got 4\nlinha 12: Wrong indentation for ""Step"", expected indentation level of 2, but got 4\nlinha 13: Wrong indentation for ""Step"", expected indentation level of 2, but got 4\nlinha 15: Scenario name is too long. Length of 72 is longer than the maximum allowed: 70\nlinha 16: Wrong indentation for ""Step"", expected indentation level of 2, but got 4\nlinha 16: Step name is too long. Length of 72 is longer than the maximum allowed: 70\nlinha 17: Wrong indentation for ""Step"", expected indentation level of 2, but got 4\nlinha 18: Wrong indentation for ""Step"", expected indentation level of 2, but got 4\nlinha 19: Wrong indentation for ""Step"", expected indentation level of 2, but got 4\nlinha 19: Step name is too long. Length of 82 is longer than the maximum allowed: 70\nlinha 22: Wrong indentation for ""Step"", expected indentation level of 2, but got 4\nlinha 23: Wrong indentation for ""Step"", expected indentation level of 2, but got 4\nlinha 24: Wrong indentation for ""Step"", expected indentation level of 2, but got 4\nlinha 25: Wrong indentation for ""Step"", expected indentation level of 2, but got 4\nlinha 28: Wrong indentation for ""Step"", expected indentation level of 2, but got 4\nlinha 29: Wrong indentation for ""Step"", expected indentation level of 2, but got 4\nlinha 30: Wrong indentation for ""Step"", expected indentation level of 2, but got 4\nlinha 31: Wrong indentation for ""Step"", expected indentation level of 2, but got 4",23,api-platform_core\collection_attributes_story_processado.txt,api-platform_core\collection_attributes_story_processado_relatorio.txt
api-platform_core\input_output_2_story_processado,api-platform_core,0,1,-,"linha 4: Wrong indentation for ""Step"", expected indentation level of 2, but got 4\nlinha 5: Wrong indentation for ""Step"", expected indentation level of 2, but got 4\nlinha 5: Step name is too long. Length of 75 is longer than the maximum allowed: 70\nlinha 6: Wrong indentation for ""Step"", expected indentation level of 2, but got 4\nlinha 7: Wrong indentation for ""Step"", expected indentation level of 2, but got 4\nlinha 8: Wrong indentation for ""Step"", expected indentation level of 2, but got 4\nlinha 11: Wrong indentation for ""Step"", expected indentation level of 2, but got 4\nlinha 12: Wrong indentation for ""Step"", expected indentation level of 2, but got 4\nlinha 12: Step name is too long. Length of 82 is longer than the maximum allowed: 70\nlinha 13: Wrong indentation for ""Step"", expected indentation level of 2, but got 4\nlinha 14: Wrong indentation for ""Step"", expected indentation level of 2, but got 4\nlinha 15: Wrong indentation for ""Step"", expected indentation level of 2, but got 4\nlinha 18: Wrong indentation for ""Step"", expected indentation level of 2, but got 4\nlinha 19: Wrong indentation for ""Step"", expected indentation level of 2, but got 4\nlinha 19: Step name is too long. Length of 75 is longer than the maximum allowed: 70\nlinha 20: Wrong indentation for ""Step"", expected indentation level of 2, but got 4\nlinha 21: Wrong indentation for ""Step"", expected indentation level of 2, but got 4\nlinha 22: Wrong indentation for ""Step"", expected indentation level of 2, but got 4\nlinha 25: Wrong indentation for ""Step"", expected indentation level of 2, but got 4\nlinha 26: Wrong indentation for ""Step"", expected indentation level of 2, but got 4\nlinha 26: Step name is too long. Length of 75 is longer than the maximum allowed: 70\nlinha 27: Wrong indentation for ""Step"", expected indentation level of 2, but got 4\nlinha 28: Wrong indentation for ""Step"", expected indentation level of 2, but got 4\nlinha 29: Wrong indentation for ""Step"", expected indentation level of 2, but got 4\nlinha 32: Wrong indentation for ""Step"", expected indentation level of 2, but got 4\nlinha 33: Wrong indentation for ""Step"", expected indentation level of 2, but got 4\nlinha 34: Wrong indentation for ""Step"", expected indentation level of 2, but got 4\nlinha 35: Wrong indentation for ""Step"", expected indentation level of 2, but got 4",28,api-platform_core\input_output_2_story_processado.txt,api-platform_core\input_output_2_story_processado_relatorio.txt
api-platform_core\numeric_filter_story_processado,api-platform_core,0,1,-,"linha 4: Wrong indentation for ""Step"", expected indentation level of 2, but got 4\nlinha 5: Wrong indentation for ""Step"", expected indentation level of 2, but got 4\nlinha 5: Step name is too long. Length of 72 is longer than the maximum allowed: 70\nlinha 6: Wrong indentation for ""Step"", expected indentation level of 2, but got 4\nlinha 7: Wrong indentation for ""Step"", expected indentation level of 2, but got 4\nlinha 10: Wrong indentation for ""Step"", expected indentation level of 2, but got 4\nlinha 11: Wrong indentation for ""Step"", expected indentation level of 2, but got 4\nlinha 11: Step name is too long. Length of 89 is longer than the maximum allowed: 70\nlinha 12: Wrong indentation for ""Step"", expected indentation level of 2, but got 4\nlinha 13: Wrong indentation for ""Step"", expected indentation level of 2, but got 4\nlinha 16: Wrong indentation for ""Step"", expected indentation level of 2, but got 4\nlinha 17: Wrong indentation for ""Step"", expected indentation level of 2, but got 4\nlinha 17: Step name is too long. Length of 74 is longer than the maximum allowed: 70\nlinha 18: Wrong indentation for ""Step"", expected indentation level of 2, but got 4\nlinha 19: Wrong indentation for ""Step"", expected indentation level of 2, but got 4\nlinha 20: Wrong indentation for ""Step"", expected indentation level of 2, but got 4\nlinha 23: Wrong indentation for ""Step"", expected indentation level of 2, but got 4\nlinha 23: Step name is too long. Length of 85 is longer than the maximum allowed: 70\nlinha 24: Wrong indentation for ""Step"", expected indentation level of 2, but got 4\nlinha 24: Step name is too long. Length of 101 is longer than the maximum allowed: 70\nlinha 25: Wrong indentation for ""Step"", expected indentation level of 2, but got 4\nlinha 26: Wrong indentation for ""Step"", expected indentation level of 2, but got 4\nlinha 28: Scenario name is too long. Length of 71 is longer than the maximum allowed: 70\nlinha 29: Wrong indentation for ""Step"", expected indentation level of 2, but got 4\nlinha 29: Step name is too long. Length of 85 is longer than the maximum allowed: 70\nlinha 30: Wrong indentation for ""Step"", expected indentation level of 2, but got 4\nlinha 30: Step name is too long. Length of 118 is longer than the maximum allowed: 70\nlinha 31: Wrong indentation for ""Step"", expected indentation level of 2, but got 4\nlinha 32: Wrong indentation for ""Step"", expected indentation level of 2, but got 4",29,api-platform_core\numeric_filter_story_processado.txt,api-platform_core\numeric_filter_story_processado_relatorio.txt
billabear_billabear\confirm_email_story_processado,billabear_billabear,0,1,-,"linha 4: Wrong indentation for ""Step"", expected indentation level of 2, but got 4\nlinha 4: Step name is too long. Length of 72 is longer than the maximum allowed: 70\nlinha 5: Wrong indentation for ""Step"", expected indentation level of 2, but got 4\nlinha 6: Wrong indentation for ""Step"", expected indentation level of 2, but got 4\nlinha 7: Wrong indentation for ""Step"", expected indentation level of 2, but got 4\nlinha 8: Wrong indentation for ""Step"", expected indentation level of 2, but got 4\nlinha 11: Wrong indentation for ""Step"", expected indentation level of 2, but got 4\nlinha 11: Step name is too long. Length of 72 is longer than the maximum allowed: 70\nlinha 12: Wrong indentation for ""Step"", expected indentation level of 2, but got 4\nlinha 13: Wrong indentation for ""Step"", expected indentation level of 2, but got 4\nlinha 14: Wrong indentation for ""Step"", expected indentation level of 2, but got 4\nlinha 15: Wrong indentation for ""Step"", expected indentation level of 2, but got 4\nlinha 18: Wrong indentation for ""Step"", expected indentation level of 2, but got 4\nlinha 18: Step name is too long. Length of 72 is longer than the maximum allowed: 70\nlinha 19: Wrong indentation for ""Step"", expected indentation level of 2, but got 4\nlinha 19: Step name is too long. Length of 78 is longer than the maximum allowed: 70\nlinha 20: Wrong indentation for ""Step"", expected indentation level of 2, but got 4\nlinha 21: Wrong indentation for ""Step"", expected indentation level of 2, but got 4\nlinha 22: Wrong indentation for ""Step"", expected indentation level of 2, but got 4\nlinha 23: Wrong indentation for ""Step"", expected indentation level of 2, but got 4\nlinha 23: Step name is too long. Length of 79 is longer than the maximum allowed: 70\nlinha 26: Wrong indentation for ""Step"", expected indentation level of 2, but got 4\nlinha 26: Step name is too long. Length of 72 is longer than the maximum allowed: 70\nlinha 27: Wrong indentation for ""Step"", expected indentation level of 2, but got 4\nlinha 28: Wrong indentation for ""Step"", expected indentation level of 2, but got 4\nlinha 29: Wrong indentation for ""Step"", expected indentation level of 2, but got 4\nlinha 30: Wrong indentation for ""Step"", expected indentation level of 2, but got 4\nlinha 33: Wrong indentation for ""Step"", expected indentation level of 2, but got 4\nlinha 33: Step name is too long. Length of 72 is longer than the maximum allowed: 70\nlinha 34: Wrong indentation for ""Step"", expected indentation level of 2, but got 4\nlinha 35: Wrong indentation for ""Step"", expected indentation level of 2, but got 4\nlinha 36: Wrong indentation for ""Step"", expected indentation level of 2, but got 4\nlinha 36: Step name is too long. Length of 78 is longer than the maximum allowed: 70\nlinha 37: Wrong indentation for ""Step"", expected indentation level of 2, but got 4",34,billabear_billabear\confirm_email_story_processado.txt,billabear_billabear\confirm_email_story_processado_relatorio.txt
billabear_billabear\create_product_1_story_processado,billabear_billabear,0,1,-,"linha 4: Wrong indentation for ""Step"", expected indentation level of 2, but got 4\nlinha 5: Wrong indentation for ""Step"", expected indentation level of 2, but got 4\nlinha 6: Wrong indentation for ""Step"", expected indentation level of 2, but got 4\nlinha 7: Wrong indentation for ""Step"", expected indentation level of 2, but got 4\nlinha 8: Wrong indentation for ""Step"", expected indentation level of 2, but got 4\nlinha 11: Wrong indentation for ""Step"", expected indentation level of 2, but got 4\nlinha 12: Wrong indentation for ""Step"", expected indentation level of 2, but got 4\nlinha 13: Wrong indentation for ""Step"", expected indentation level of 2, but got 4\nlinha 14: Wrong indentation for ""Step"", expected indentation level of 2, but got 4\nlinha 15: Wrong indentation for ""Step"", expected indentation level of 2, but got 4\nlinha 18: Wrong indentation for ""Step"", expected indentation level of 2, but got 4\nlinha 19: Wrong indentation for ""Step"", expected indentation level of 2, but got 4\nlinha 20: Wrong indentation for ""Step"", expected indentation level of 2, but got 4\nlinha 21: Wrong indentation for ""Step"", expected indentation level of 2, but got 4\nlinha 22: Wrong indentation for ""Step"", expected indentation level of 2, but got 4\nlinha 25: Wrong indentation for ""Step"", expected indentation level of 2, but got 4\nlinha 26: Wrong indentation for ""Step"", expected indentation level of 2, but got 4\nlinha 27: Wrong indentation for ""Step"", expected indentation level of 2, but got 4\nlinha 28: Wrong indentation for ""Step"", expected indentation level of 2, but got 4\nlinha 29: Wrong indentation for ""Step"", expected indentation level of 2, but got 4\nlinha 32: Wrong indentation for ""Step"", expected indentation level of 2, but got 4\nlinha 33: Wrong indentation for ""Step"", expected indentation level of 2, but got 4\nlinha 34: Wrong indentation for ""Step"", expected indentation level of 2, but got 4\nlinha 35: Wrong indentation for ""Step"", expected indentation level of 2, but got 4",24,billabear_billabear\create_product_1_story_processado.txt,billabear_billabear\create_product_1_story_processado_relatorio.txt
billabear_billabear\generate_for_payment_story_processado,billabear_billabear,0,1,-,"linha 4: Wrong indentation for ""Step"", expected indentation level of 2, but got 4\nlinha 5: Wrong indentation for ""Step"", expected indentation level of 2, but got 4\nlinha 6: Wrong indentation for ""Step"", expected indentation level of 2, but got 4\nlinha 7: Wrong indentation for ""Step"", expected indentation level of 2, but got 4\nlinha 7: Step name is too long. Length of 72 is longer than the maximum allowed: 70\nlinha 8: Wrong indentation for ""Step"", expected indentation level of 2, but got 4\nlinha 8: Step name is too long. Length of 93 is longer than the maximum allowed: 70\nlinha 11: Wrong indentation for ""Step"", expected indentation level of 2, but got 4\nlinha 12: Wrong indentation for ""Step"", expected indentation level of 2, but got 4\nlinha 13: Wrong indentation for ""Step"", expected indentation level of 2, but got 4\nlinha 14: Wrong indentation for ""Step"", expected indentation level of 2, but got 4\nlinha 14: Step name is too long. Length of 86 is longer than the maximum allowed: 70\nlinha 17: Wrong indentation for ""Step"", expected indentation level of 2, but got 4\nlinha 18: Wrong indentation for ""Step"", expected indentation level of 2, but got 4\nlinha 19: Wrong indentation for ""Step"", expected indentation level of 2, but got 4\nlinha 20: Wrong indentation for ""Step"", expected indentation level of 2, but got 4\nlinha 21: Wrong indentation for ""Step"", expected indentation level of 2, but got 4\nlinha 21: Step name is too long. Length of 92 is longer than the maximum allowed: 70\nlinha 24: Wrong indentation for ""Step"", expected indentation level of 2, but got 4\nlinha 25: Wrong indentation for ""Step"", expected indentation level of 2, but got 4\nlinha 26: Wrong indentation for ""Step"", expected indentation level of 2, but got 4\nlinha 27: Wrong indentation for ""Step"", expected indentation level of 2, but got 4\nlinha 28: Wrong indentation for ""Step"", expected indentation level of 2, but got 4\nlinha 31: Wrong indentation for ""Step"", expected indentation level of 2, but got 4\nlinha 32: Wrong indentation for ""Step"", expected indentation level of 2, but got 4\nlinha 33: Wrong indentation for ""Step"", expected indentation level of 2, but got 4\nlinha 34: Wrong indentation for ""Step"", expected indentation level of 2, but got 4\nlinha 34: Step name is too long. Length of 79 is longer than the maximum allowed: 70\nlinha 35: Wrong indentation for ""Step"", expected indentation level of 2, but got 4",29,billabear_billabear\generate_for_payment_story_processado.txt,billabear_billabear\generate_for_payment_story_processado_relatorio.txt
billabear_billabear\limit_customer_story_processado,billabear_billabear,0,1,-,"linha 3: Scenario name is too long. Length of 71 is longer than the maximum allowed: 70\nlinha 4: Wrong indentation for ""Step"", expected indentation level of 2, but got 4\nlinha 5: Wrong indentation for ""Step"", expected indentation level of 2, but got 4\nlinha 5: Step name is too long. Length of 74 is longer than the maximum allowed: 70\nlinha 6: Wrong indentation for ""Step"", expected indentation level of 2, but got 4\nlinha 7: Wrong indentation for ""Step"", expected indentation level of 2, but got 4\nlinha 7: Step name is too long. Length of 73 is longer than the maximum allowed: 70\nlinha 8: Wrong indentation for ""Step"", expected indentation level of 2, but got 4\nlinha 11: Wrong indentation for ""Step"", expected indentation level of 2, but got 4\nlinha 12: Wrong indentation for ""Step"", expected indentation level of 2, but got 4\nlinha 13: Wrong indentation for ""Step"", expected indentation level of 2, but got 4\nlinha 14: Wrong indentation for ""Step"", expected indentation level of 2, but got 4\nlinha 17: Wrong indentation for ""Step"", expected indentation level of 2, but got 4\nlinha 18: Wrong indentation for ""Step"", expected indentation level of 2, but got 4\nlinha 19: Wrong indentation for ""Step"", expected indentation level of 2, but got 4\nlinha 20: Wrong indentation for ""Step"", expected indentation level of 2, but got 4\nlinha 23: Wrong indentation for ""Step"", expected indentation level of 2, but got 4\nlinha 24: Wrong indentation for ""Step"", expected indentation level of 2, but got 4\nlinha 25: Wrong indentation for ""Step"", expected indentation level of 2, but got 4\nlinha 26: Wrong indentation for ""Step"", expected indentation level of 2, but got 4\nlinha 29: Wrong indentation for ""Step"", expected indentation level of 2, but got 4\nlinha 30: Wrong indentation for ""Step"", expected indentation level of 2, but got 4\nlinha 31: Wrong indentation for ""Step"", expected indentation level of 2, but got 4\nlinha 32: Wrong indentation for ""Step"", expected indentation level of 2, but got 4",24,billabear_billabear\limit_customer_story_processado.txt,billabear_billabear\limit_customer_story_processado_relatorio.txt
camptocamp_oerpscenario\account_bank_statement_story_processado,camptocamp_oerpscenario,0,1,-,"linha 4: Wrong indentation for ""Step"", expected indentation level of 2, but got 4\nlinha 5: Wrong indentation for ""Step"", expected indentation level of 2, but got 4\nlinha 6: Wrong indentation for ""Step"", expected indentation level of 2, but got 4\nlinha 7: Wrong indentation for ""Step"", expected indentation level of 2, but got 4\nlinha 8: Wrong indentation for ""Step"", expected indentation level of 2, but got 4\nlinha 11: Wrong indentation for ""Step"", expected indentation level of 2, but got 4\nlinha 12: Wrong indentation for ""Step"", expected indentation level of 2, but got 4\nlinha 13: Wrong indentation for ""Step"", expected indentation level of 2, but got 4\nlinha 14: Wrong indentation for ""Step"", expected indentation level of 2, but got 4\nlinha 15: Wrong indentation for ""Step"", expected indentation level of 2, but got 4\nlinha 18: Wrong indentation for ""Step"", expected indentation level of 2, but got 4\nlinha 19: Wrong indentation for ""Step"", expected indentation level of 2, but got 4\nlinha 20: Wrong indentation for ""Step"", expected indentation level of 2, but got 4\nlinha 21: Wrong indentation for ""Step"", expected indentation level of 2, but got 4\nlinha 22: Wrong indentation for ""Step"", expected indentation level of 2, but got 4\nlinha 25: Wrong indentation for ""Step"", expected indentation level of 2, but got 4\nlinha 26: Wrong indentation for ""Step"", expected indentation level of 2, but got 4\nlinha 27: Wrong indentation for ""Step"", expected indentation level of 2, but got 4\nlinha 28: Wrong indentation for ""Step"", expected indentation level of 2, but got 4\nlinha 29: Wrong indentation for ""Step"", expected indentation level of 2, but got 4\nlinha 32: Wrong indentation for ""Step"", expected indentation level of 2, but got 4\nlinha 33: Wrong indentation for ""Step"", expected indentation level of 2, but got 4\nlinha 33: Step name is too long. Length of 75 is longer than the maximum allowed: 70\nlinha 34: Wrong indentation for ""Step"", expected indentation level of 2, but got 4\nlinha 35: Wrong indentation for ""Step"", expected indentation level of 2, but got 4",25,camptocamp_oerpscenario\account_bank_statement_story_processado.txt,camptocamp_oerpscenario\account_bank_statement_story_processado_relatorio.txt
camptocamp_oerpscenario\pay_invoice_story_processado,camptocamp_oerpscenario,0,1,-,"linha 4: Wrong indentation for ""Step"", expected indentation level of 2, but got 4\nlinha 5: Wrong indentation for ""Step"", expected indentation level of 2, but got 4\nlinha 6: Wrong indentation for ""Step"", expected indentation level of 2, but got 4\nlinha 7: Wrong indentation for ""Step"", expected indentation level of 2, but got 4\nlinha 8: Wrong indentation for ""Step"", expected indentation level of 2, but got 4\nlinha 11: Wrong indentation for ""Step"", expected indentation level of 2, but got 4\nlinha 12: Wrong indentation for ""Step"", expected indentation level of 2, but got 4\nlinha 13: Wrong indentation for ""Step"", expected indentation level of 2, but got 4\nlinha 14: Wrong indentation for ""Step"", expected indentation level of 2, but got 4\nlinha 15: Wrong indentation for ""Step"", expected indentation level of 2, but got 4\nlinha 18: Wrong indentation for ""Step"", expected indentation level of 2, but got 4\nlinha 19: Wrong indentation for ""Step"", expected indentation level of 2, but got 4\nlinha 20: Wrong indentation for ""Step"", expected indentation level of 2, but got 4\nlinha 21: Wrong indentation for ""Step"", expected indentation level of 2, but got 4\nlinha 22: Wrong indentation for ""Step"", expected indentation level of 2, but got 4\nlinha 25: Wrong indentation for ""Step"", expected indentation level of 2, but got 4\nlinha 26: Wrong indentation for ""Step"", expected indentation level of 2, but got 4\nlinha 27: Wrong indentation for ""Step"", expected indentation level of 2, but got 4\nlinha 28: Wrong indentation for ""Step"", expected indentation level of 2, but got 4\nlinha 29: Wrong indentation for ""Step"", expected indentation level of 2, but got 4\nlinha 30: Wrong indentation for ""Step"", expected indentation level of 2, but got 4\nlinha 33: Wrong indentation for ""Step"", expected indentation level of 2, but got 4\nlinha 34: Wrong indentation for ""Step"", expected indentation level of 2, but got 4\nlinha 35: Wrong indentation for ""Step"", expected indentation level of 2, but got 4\nlinha 36: Wrong indentation for ""Step"", expected indentation level of 2, but got 4\nlinha 37: Wrong indentation for ""Step"", expected indentation level of 2, but got 4",26,camptocamp_oerpscenario\pay_invoice_story_processado.txt,camptocamp_oerpscenario\pay_invoice_story_processado_relatorio.txt
camptocamp_oerpscenario\sale_story_processado,camptocamp_oerpscenario,0,1,-,"linha 4: Wrong indentation for ""Step"", expected indentation level of 2, but got 4\nlinha 5: Wrong indentation for ""Step"", expected indentation level of 2, but got 4\nlinha 6: Wrong indentation for ""Step"", expected indentation level of 2, but got 4\nlinha 7: Wrong indentation for ""Step"", expected indentation level of 2, but got 4\nlinha 8: Wrong indentation for ""Step"", expected indentation level of 2, but got 4\nlinha 11: Wrong indentation for ""Step"", expected indentation level of 2, but got 4\nlinha 12: Wrong indentation for ""Step"", expected indentation level of 2, but got 4\nlinha 13: Wrong indentation for ""Step"", expected indentation level of 2, but got 4\nlinha 14: Wrong indentation for ""Step"", expected indentation level of 2, but got 4\nlinha 17: Wrong indentation for ""Step"", expected indentation level of 2, but got 4\nlinha 18: Wrong indentation for ""Step"", expected indentation level of 2, but got 4\nlinha 19: Wrong indentation for ""Step"", expected indentation level of 2, but got 4\nlinha 20: Wrong indentation for ""Step"", expected indentation level of 2, but got 4\nlinha 23: Wrong indentation for ""Step"", expected indentation level of 2, but got 4\nlinha 24: Wrong indentation for ""Step"", expected indentation level of 2, but got 4\nlinha 25: Wrong indentation for ""Step"", expected indentation level of 2, but got 4\nlinha 26: Wrong indentation for ""Step"", expected indentation level of 2, but got 4\nlinha 27: Wrong indentation for ""Step"", expected indentation level of 2, but got 4\nlinha 27: Step name is too long. Length of 103 is longer than the maximum allowed: 70\nlinha 30: Wrong indentation for ""Step"", expected indentation level of 2, but got 4\nlinha 31: Wrong indentation for ""Step"", expected indentation level of 2, but got 4\nlinha 32: Wrong indentation for ""Step"", expected indentation level of 2, but got 4\nlinha 33: Wrong indentation for ""Step"", expected indentation level of 2, but got 4\nlinha 34: Wrong indentation for ""Step"", expected indentation level of 2, but got 4",24,camptocamp_oerpscenario\sale_story_processado.txt,camptocamp_oerpscenario\sale_story_processado_relatorio.txt
camptocamp_oerpscenario\samples_story_processado,camptocamp_oerpscenario,0,1,-,"linha 4: Wrong indentation for ""Step"", expected indentation level of 2, but got 4\nlinha 5: Wrong indentation for ""Step"", expected indentation level of 2, but got 4\nlinha 6: Wrong indentation for ""Step"", expected indentation level of 2, but got 4\nlinha 7: Wrong indentation for ""Step"", expected indentation level of 2, but got 4\nlinha 10: Wrong indentation for ""Step"", expected indentation level of 2, but got 4\nlinha 11: Wrong indentation for ""Step"", expected indentation level of 2, but got 4\nlinha 12: Wrong indentation for ""Step"", expected indentation level of 2, but got 4\nlinha 13: Wrong indentation for ""Step"", expected indentation level of 2, but got 4\nlinha 16: Wrong indentation for ""Step"", expected indentation level of 2, but got 4\nlinha 17: Wrong indentation for ""Step"", expected indentation level of 2, but got 4\nlinha 18: Wrong indentation for ""Step"", expected indentation level of 2, but got 4\nlinha 19: Wrong indentation for ""Step"", expected indentation level of 2, but got 4\nlinha 22: Wrong indentation for ""Step"", expected indentation level of 2, but got 4\nlinha 23: Wrong indentation for ""Step"", expected indentation level of 2, but got 4\nlinha 24: Wrong indentation for ""Step"", expected indentation level of 2, but got 4\nlinha 25: Wrong indentation for ""Step"", expected indentation level of 2, but got 4\nlinha 26: Wrong indentation for ""Step"", expected indentation level of 2, but got 4\nlinha 29: Wrong indentation for ""Step"", expected indentation level of 2, but got 4\nlinha 30: Wrong indentation for ""Step"", expected indentation level of 2, but got 4\nlinha 31: Wrong indentation for ""Step"", expected indentation level of 2, but got 4\nlinha 32: Wrong indentation for ""Step"", expected indentation level of 2, but got 4",21,camptocamp_oerpscenario\samples_story_processado.txt,camptocamp_oerpscenario\samples_story_processado_relatorio.txt
coreshop_CoreShop\country_condition_2_story_processado,coreshop_CoreShop,0,1,-,"linha 3: Scenario name is too long. Length of 71 is longer than the maximum allowed: 70\nlinha 4: Wrong indentation for ""Step"", expected indentation level of 2, but got 4\nlinha 5: Wrong indentation for ""Step"", expected indentation level of 2, but got 4\nlinha 6: Wrong indentation for ""Step"", expected indentation level of 2, but got 4\nlinha 6: Step name is too long. Length of 86 is longer than the maximum allowed: 70\nlinha 7: Wrong indentation for ""Step"", expected indentation level of 2, but got 4\nlinha 8: Wrong indentation for ""Step"", expected indentation level of 2, but got 4\nlinha 9: Wrong indentation for ""Step"", expected indentation level of 2, but got 4\nlinha 11: Scenario name is too long. Length of 71 is longer than the maximum allowed: 70\nlinha 12: Wrong indentation for ""Step"", expected indentation level of 2, but got 4\nlinha 13: Wrong indentation for ""Step"", expected indentation level of 2, but got 4\nlinha 14: Wrong indentation for ""Step"", expected indentation level of 2, but got 4\nlinha 14: Step name is too long. Length of 86 is longer than the maximum allowed: 70\nlinha 15: Wrong indentation for ""Step"", expected indentation level of 2, but got 4\nlinha 16: Wrong indentation for ""Step"", expected indentation level of 2, but got 4\nlinha 17: Wrong indentation for ""Step"", expected indentation level of 2, but got 4\nlinha 20: Wrong indentation for ""Step"", expected indentation level of 2, but got 4\nlinha 21: Wrong indentation for ""Step"", expected indentation level of 2, but got 4\nlinha 21: Step name is too long. Length of 71 is longer than the maximum allowed: 70\nlinha 22: Wrong indentation for ""Step"", expected indentation level of 2, but got 4\nlinha 23: Wrong indentation for ""Step"", expected indentation level of 2, but got 4\nlinha 26: Wrong indentation for ""Step"", expected indentation level of 2, but got 4\nlinha 27: Wrong indentation for ""Step"", expected indentation level of 2, but got 4\nlinha 28: Wrong indentation for ""Step"", expected indentation level of 2, but got 4\nlinha 28: Step name is too long. Length of 102 is longer than the maximum allowed: 70\nlinha 29: Wrong indentation for ""Step"", expected indentation level of 2, but got 4\nlinha 30: Wrong indentation for ""Step"", expected indentation level of 2, but got 4\nlinha 31: Wrong indentation for ""Step"", expected indentation level of 2, but got 4\nlinha 34: Wrong indentation for ""Step"", expected indentation level of 2, but got 4\nlinha 35: Wrong indentation for ""Step"", expected indentation level of 2, but got 4\nlinha 36: Wrong indentation for ""Step"", expected indentation level of 2, but got 4\nlinha 36: Step name is too long. Length of 86 is longer than the maximum allowed: 70\nlinha 37: Wrong indentation for ""Step"", expected indentation level of 2, but got 4\nlinha 38: Wrong indentation for ""Step"", expected indentation level of 2, but got 4\nlinha 39: Wrong indentation for ""Step"", expected indentation level of 2, but got 4",35,coreshop_CoreShop\country_condition_2_story_processado.txt,coreshop_CoreShop\country_condition_2_story_processado_relatorio.txt
coreshop_CoreShop\discount_percent_action_tax_100_and_free_shipping_and_gross_values_story_processado,coreshop_CoreShop,0,1,-,"linha 1: Feature name is too long. Length of 83 is longer than the maximum allowed: 50\nlinha 4: Wrong indentation for ""Step"", expected indentation level of 2, but got 4\nlinha 5: Wrong indentation for ""Step"", expected indentation level of 2, but got 4\nlinha 6: Wrong indentation for ""Step"", expected indentation level of 2, but got 4\nlinha 7: Wrong indentation for ""Step"", expected indentation level of 2, but got 4\nlinha 8: Wrong indentation for ""Step"", expected indentation level of 2, but got 4\nlinha 9: Wrong indentation for ""Step"", expected indentation level of 2, but got 4\nlinha 12: Wrong indentation for ""Step"", expected indentation level of 2, but got 4\nlinha 13: Wrong indentation for ""Step"", expected indentation level of 2, but got 4\nlinha 14: Wrong indentation for ""Step"", expected indentation level of 2, but got 4\nlinha 15: Wrong indentation for ""Step"", expected indentation level of 2, but got 4\nlinha 16: Wrong indentation for ""Step"", expected indentation level of 2, but got 4\nlinha 18: Scenario name is too long. Length of 79 is longer than the maximum allowed: 70\nlinha 19: Wrong indentation for ""Step"", expected indentation level of 2, but got 4\nlinha 19: Step name is too long. Length of 82 is longer than the maximum allowed: 70\nlinha 20: Wrong indentation for ""Step"", expected indentation level of 2, but got 4\nlinha 21: Wrong indentation for ""Step"", expected indentation level of 2, but got 4\nlinha 22: Wrong indentation for ""Step"", expected indentation level of 2, but got 4\nlinha 23: Wrong indentation for ""Step"", expected indentation level of 2, but got 4\nlinha 24: Wrong indentation for ""Step"", expected indentation level of 2, but got 4\nlinha 27: Wrong indentation for ""Step"", expected indentation level of 2, but got 4\nlinha 28: Wrong indentation for ""Step"", expected indentation level of 2, but got 4\nlinha 29: Wrong indentation for ""Step"", expected indentation level of 2, but got 4\nlinha 30: Wrong indentation for ""Step"", expected indentation level of 2, but got 4\nlinha 31: Wrong indentation for ""Step"", expected indentation level of 2, but got 4\nlinha 34: Wrong indentation for ""Step"", expected indentation level of 2, but got 4\nlinha 35: Wrong indentation for ""Step"", expected indentation level of 2, but got 4\nlinha 36: Wrong indentation for ""Step"", expected indentation level of 2, but got 4\nlinha 37: Wrong indentation for ""Step"", expected indentation level of 2, but got 4\nlinha 38: Wrong indentation for ""Step"", expected indentation level of 2, but got 4\nlinha 39: Wrong indentation for ""Step"", expected indentation level of 2, but got 4",31,coreshop_CoreShop\discount_percent_action_tax_100_and_free_shipping_and_gross_values_story_processado.txt,coreshop_CoreShop\discount_percent_action_tax_100_and_free_shipping_and_gross_values_story_processado_relatorio.txt
coreshop_CoreShop\discount_percent_gross_action_story_processado,coreshop_CoreShop,0,1,-,"linha 4: Wrong indentation for ""Step"", expected indentation level of 2, but got 4\nlinha 5: Wrong indentation for ""Step"", expected indentation level of 2, but got 4\nlinha 6: Wrong indentation for ""Step"", expected indentation level of 2, but got 4\nlinha 7: Wrong indentation for ""Step"", expected indentation level of 2, but got 4\nlinha 8: Wrong indentation for ""Step"", expected indentation level of 2, but got 4\nlinha 11: Wrong indentation for ""Step"", expected indentation level of 2, but got 4\nlinha 12: Wrong indentation for ""Step"", expected indentation level of 2, but got 4\nlinha 13: Wrong indentation for ""Step"", expected indentation level of 2, but got 4\nlinha 14: Wrong indentation for ""Step"", expected indentation level of 2, but got 4\nlinha 15: Wrong indentation for ""Step"", expected indentation level of 2, but got 4\nlinha 18: Wrong indentation for ""Step"", expected indentation level of 2, but got 4\nlinha 19: Wrong indentation for ""Step"", expected indentation level of 2, but got 4\nlinha 20: Wrong indentation for ""Step"", expected indentation level of 2, but got 4\nlinha 21: Wrong indentation for ""Step"", expected indentation level of 2, but got 4\nlinha 22: Wrong indentation for ""Step"", expected indentation level of 2, but got 4\nlinha 22: Step name is too long. Length of 73 is longer than the maximum allowed: 70\nlinha 25: Wrong indentation for ""Step"", expected indentation level of 2, but got 4\nlinha 26: Wrong indentation for ""Step"", expected indentation level of 2, but got 4\nlinha 27: Wrong indentation for ""Step"", expected indentation level of 2, but got 4\nlinha 28: Wrong indentation for ""Step"", expected indentation level of 2, but got 4\nlinha 29: Wrong indentation for ""Step"", expected indentation level of 2, but got 4\nlinha 32: Wrong indentation for ""Step"", expected indentation level of 2, but got 4\nlinha 33: Wrong indentation for ""Step"", expected indentation level of 2, but got 4\nlinha 34: Wrong indentation for ""Step"", expected indentation level of 2, but got 4\nlinha 35: Wrong indentation for ""Step"", expected indentation level of 2, but got 4\nlinha 36: Wrong indentation for ""Step"", expected indentation level of 2, but got 4\nlinha 37: Wrong indentation for ""Step"", expected indentation level of 2, but got 4",27,coreshop_CoreShop\discount_percent_gross_action_story_processado.txt,coreshop_CoreShop\discount_percent_gross_action_story_processado_relatorio.txt
coreshop_CoreShop\not_discountable_discount_amount_action_story_processado,coreshop_CoreShop,0,1,-,"linha 1: Feature name is too long. Length of 56 is longer than the maximum allowed: 50\nlinha 4: Wrong indentation for ""Step"", expected indentation level of 2, but got 4\nlinha 5: Wrong indentation for ""Step"", expected indentation level of 2, but got 4\nlinha 6: Wrong indentation for ""Step"", expected indentation level of 2, but got 4\nlinha 7: Wrong indentation for ""Step"", expected indentation level of 2, but got 4\nlinha 10: Wrong indentation for ""Step"", expected indentation level of 2, but got 4\nlinha 11: Wrong indentation for ""Step"", expected indentation level of 2, but got 4\nlinha 12: Wrong indentation for ""Step"", expected indentation level of 2, but got 4\nlinha 13: Wrong indentation for ""Step"", expected indentation level of 2, but got 4\nlinha 14: Wrong indentation for ""Step"", expected indentation level of 2, but got 4\nlinha 15: Wrong indentation for ""Step"", expected indentation level of 2, but got 4\nlinha 18: Wrong indentation for ""Step"", expected indentation level of 2, but got 4\nlinha 18: Step name is too long. Length of 88 is longer than the maximum allowed: 70\nlinha 19: Wrong indentation for ""Step"", expected indentation level of 2, but got 4\nlinha 20: Wrong indentation for ""Step"", expected indentation level of 2, but got 4\nlinha 21: Wrong indentation for ""Step"", expected indentation level of 2, but got 4\nlinha 22: Wrong indentation for ""Step"", expected indentation level of 2, but got 4\nlinha 23: Wrong indentation for ""Step"", expected indentation level of 2, but got 4\nlinha 26: Wrong indentation for ""Step"", expected indentation level of 2, but got 4\nlinha 27: Wrong indentation for ""Step"", expected indentation level of 2, but got 4\nlinha 28: Wrong indentation for ""Step"", expected indentation level of 2, but got 4\nlinha 29: Wrong indentation for ""Step"", expected indentation level of 2, but got 4\nlinha 32: Wrong indentation for ""Step"", expected indentation level of 2, but got 4\nlinha 33: Wrong indentation for ""Step"", expected indentation level of 2, but got 4\nlinha 34: Wrong indentation for ""Step"", expected indentation level of 2, but got 4\nlinha 35: Wrong indentation for ""Step"", expected indentation level of 2, but got 4\nlinha 36: Wrong indentation for ""Step"", expected indentation level of 2, but got 4\nlinha 37: Wrong indentation for ""Step"", expected indentation level of 2, but got 4",28,coreshop_CoreShop\not_discountable_discount_amount_action_story_processado.txt,coreshop_CoreShop\not_discountable_discount_amount_action_story_processado_relatorio.txt
cross-solution_YAWIK\apply_story_processado,cross-solution_YAWIK,0,1,-,"linha 4: Wrong indentation for ""Step"", expected indentation level of 2, but got 4\nlinha 5: Wrong indentation for ""Step"", expected indentation level of 2, but got 4\nlinha 6: Wrong indentation for ""Step"", expected indentation level of 2, but got 4\nlinha 7: Wrong indentation for ""Step"", expected indentation level of 2, but got 4\nlinha 8: Wrong indentation for ""Step"", expected indentation level of 2, but got 4\nlinha 9: Wrong indentation for ""Step"", expected indentation level of 2, but got 4\nlinha 12: Wrong indentation for ""Step"", expected indentation level of 2, but got 4\nlinha 13: Wrong indentation for ""Step"", expected indentation level of 2, but got 4\nlinha 14: Wrong indentation for ""Step"", expected indentation level of 2, but got 4\nlinha 15: Wrong indentation for ""Step"", expected indentation level of 2, but got 4\nlinha 16: Wrong indentation for ""Step"", expected indentation level of 2, but got 4\nlinha 19: Wrong indentation for ""Step"", expected indentation level of 2, but got 4\nlinha 20: Wrong indentation for ""Step"", expected indentation level of 2, but got 4\nlinha 21: Wrong indentation for ""Step"", expected indentation level of 2, but got 4\nlinha 22: Wrong indentation for ""Step"", expected indentation level of 2, but got 4\nlinha 23: Wrong indentation for ""Step"", expected indentation level of 2, but got 4\nlinha 24: Wrong indentation for ""Step"", expected indentation level of 2, but got 4\nlinha 27: Wrong indentation for ""Step"", expected indentation level of 2, but got 4\nlinha 28: Wrong indentation for ""Step"", expected indentation level of 2, but got 4\nlinha 29: Wrong indentation for ""Step"", expected indentation level of 2, but got 4\nlinha 30: Wrong indentation for ""Step"", expected indentation level of 2, but got 4\nlinha 31: Wrong indentation for ""Step"", expected indentation level of 2, but got 4\nlinha 34: Wrong indentation for ""Step"", expected indentation level of 2, but got 4\nlinha 35: Wrong indentation for ""Step"", expected indentation level of 2, but got 4\nlinha 36: Wrong indentation for ""Step"", expected indentation level of 2, but got 4\nlinha 37: Wrong indentation for ""Step"", expected indentation level of 2, but got 4\nlinha 38: Wrong indentation for ""Step"", expected indentation level of 2, but got 4\nlinha 39: Wrong indentation for ""Step"", expected indentation level of 2, but got 4",28,cross-solution_YAWIK\apply_story_processado.txt,cross-solution_YAWIK\apply_story_processado_relatorio.txt
cross-solution_YAWIK\insert_story_processado,cross-solution_YAWIK,0,1,-,"linha 4: Wrong indentation for ""Step"", expected indentation level of 2, but got 4\nlinha 5: Wrong indentation for ""Step"", expected indentation level of 2, but got 4\nlinha 6: Wrong indentation for ""Step"", expected indentation level of 2, but got 4\nlinha 7: Wrong indentation for ""Step"", expected indentation level of 2, but got 4\nlinha 8: Wrong indentation for ""Step"", expected indentation level of 2, but got 4\nlinha 9: Wrong indentation for ""Step"", expected indentation level of 2, but got 4\nlinha 12: Wrong indentation for ""Step"", expected indentation level of 2, but got 4\nlinha 13: Wrong indentation for ""Step"", expected indentation level of 2, but got 4\nlinha 13: Step name is too long. Length of 71 is longer than the maximum allowed: 70\nlinha 14: Wrong indentation for ""Step"", expected indentation level of 2, but got 4\nlinha 14: Step name is too long. Length of 74 is longer than the maximum allowed: 70\nlinha 15: Wrong indentation for ""Step"", expected indentation level of 2, but got 4\nlinha 16: Wrong indentation for ""Step"", expected indentation level of 2, but got 4\nlinha 17: Wrong indentation for ""Step"", expected indentation level of 2, but got 4\nlinha 17: Step name is too long. Length of 73 is longer than the maximum allowed: 70\nlinha 20: Wrong indentation for ""Step"", expected indentation level of 2, but got 4\nlinha 21: Wrong indentation for ""Step"", expected indentation level of 2, but got 4\nlinha 22: Wrong indentation for ""Step"", expected indentation level of 2, but got 4\nlinha 23: Wrong indentation for ""Step"", expected indentation level of 2, but got 4\nlinha 24: Wrong indentation for ""Step"", expected indentation level of 2, but got 4\nlinha 27: Wrong indentation for ""Step"", expected indentation level of 2, but got 4\nlinha 28: Wrong indentation for ""Step"", expected indentation level of 2, but got 4\nlinha 28: Step name is too long. Length of 85 is longer than the maximum allowed: 70\nlinha 29: Wrong indentation for ""Step"", expected indentation level of 2, but got 4\nlinha 30: Wrong indentation for ""Step"", expected indentation level of 2, but got 4\nlinha 31: Wrong indentation for ""Step"", expected indentation level of 2, but got 4\nlinha 34: Wrong indentation for ""Step"", expected indentation level of 2, but got 4\nlinha 35: Wrong indentation for ""Step"", expected indentation level of 2, but got 4\nlinha 36: Wrong indentation for ""Step"", expected indentation level of 2, but got 4\nlinha 37: Wrong indentation for ""Step"", expected indentation level of 2, but got 4\nlinha 38: Wrong indentation for ""Step"", expected indentation level of 2, but got 4\nlinha 38: Step name is too long. Length of 73 is longer than the maximum allowed: 70",32,cross-solution_YAWIK\insert_story_processado.txt,cross-solution_YAWIK\insert_story_processado_relatorio.txt
cross-solution_YAWIK\login_story_processado,cross-solution_YAWIK,0,1,-,"linha 4: Wrong indentation for ""Step"", expected indentation level of 2, but got 4\nlinha 5: Wrong indentation for ""Step"", expected indentation level of 2, but got 4\nlinha 6: Wrong indentation for ""Step"", expected indentation level of 2, but got 4\nlinha 7: Wrong indentation for ""Step"", expected indentation level of 2, but got 4\nlinha 8: Wrong indentation for ""Step"", expected indentation level of 2, but got 4\nlinha 11: Wrong indentation for ""Step"", expected indentation level of 2, but got 4\nlinha 12: Wrong indentation for ""Step"", expected indentation level of 2, but got 4\nlinha 13: Wrong indentation for ""Step"", expected indentation level of 2, but got 4\nlinha 14: Wrong indentation for ""Step"", expected indentation level of 2, but got 4\nlinha 15: Wrong indentation for ""Step"", expected indentation level of 2, but got 4\nlinha 18: Wrong indentation for ""Step"", expected indentation level of 2, but got 4\nlinha 19: Wrong indentation for ""Step"", expected indentation level of 2, but got 4\nlinha 20: Wrong indentation for ""Step"", expected indentation level of 2, but got 4\nlinha 21: Wrong indentation for ""Step"", expected indentation level of 2, but got 4\nlinha 22: Wrong indentation for ""Step"", expected indentation level of 2, but got 4\nlinha 25: Wrong indentation for ""Step"", expected indentation level of 2, but got 4\nlinha 26: Wrong indentation for ""Step"", expected indentation level of 2, but got 4\nlinha 27: Wrong indentation for ""Step"", expected indentation level of 2, but got 4\nlinha 28: Wrong indentation for ""Step"", expected indentation level of 2, but got 4\nlinha 29: Wrong indentation for ""Step"", expected indentation level of 2, but got 4\nlinha 32: Wrong indentation for ""Step"", expected indentation level of 2, but got 4\nlinha 33: Wrong indentation for ""Step"", expected indentation level of 2, but got 4\nlinha 34: Wrong indentation for ""Step"", expected indentation level of 2, but got 4\nlinha 35: Wrong indentation for ""Step"", expected indentation level of 2, but got 4\nlinha 36: Wrong indentation for ""Step"", expected indentation level of 2, but got 4",25,cross-solution_YAWIK\login_story_processado.txt,cross-solution_YAWIK\login_story_processado_relatorio.txt
cross-solution_YAWIK\update_2_story_processado,cross-solution_YAWIK,0,1,-,"linha 4: Wrong indentation for ""Step"", expected indentation level of 2, but got 4\nlinha 5: Wrong indentation for ""Step"", expected indentation level of 2, but got 4\nlinha 6: Wrong indentation for ""Step"", expected indentation level of 2, but got 4\nlinha 7: Wrong indentation for ""Step"", expected indentation level of 2, but got 4\nlinha 8: Wrong indentation for ""Step"", expected indentation level of 2, but got 4\nlinha 11: Wrong indentation for ""Step"", expected indentation level of 2, but got 4\nlinha 12: Wrong indentation for ""Step"", expected indentation level of 2, but got 4\nlinha 13: Wrong indentation for ""Step"", expected indentation level of 2, but got 4\nlinha 14: Wrong indentation for ""Step"", expected indentation level of 2, but got 4\nlinha 15: Wrong indentation for ""Step"", expected indentation level of 2, but got 4\nlinha 18: Wrong indentation for ""Step"", expected indentation level of 2, but got 4\nlinha 19: Wrong indentation for ""Step"", expected indentation level of 2, but got 4\nlinha 20: Wrong indentation for ""Step"", expected indentation level of 2, but got 4\nlinha 21: Wrong indentation for ""Step"", expected indentation level of 2, but got 4\nlinha 22: Wrong indentation for ""Step"", expected indentation level of 2, but got 4\nlinha 25: Wrong indentation for ""Step"", expected indentation level of 2, but got 4\nlinha 26: Wrong indentation for ""Step"", expected indentation level of 2, but got 4\nlinha 26: Step name is too long. Length of 108 is longer than the maximum allowed: 70\nlinha 27: Wrong indentation for ""Step"", expected indentation level of 2, but got 4\nlinha 28: Wrong indentation for ""Step"", expected indentation level of 2, but got 4\nlinha 29: Wrong indentation for ""Step"", expected indentation level of 2, but got 4\nlinha 30: Wrong indentation for ""Step"", expected indentation level of 2, but got 4\nlinha 31: Wrong indentation for ""Step"", expected indentation level of 2, but got 4\nlinha 34: Wrong indentation for ""Step"", expected indentation level of 2, but got 4\nlinha 35: Wrong indentation for ""Step"", expected indentation level of 2, but got 4\nlinha 36: Wrong indentation for ""Step"", expected indentation level of 2, but got 4\nlinha 37: Wrong indentation for ""Step"", expected indentation level of 2, but got 4\nlinha 38: Wrong indentation for ""Step"", expected indentation level of 2, but got 4",28,cross-solution_YAWIK\update_2_story_processado.txt,cross-solution_YAWIK\update_2_story_processado_relatorio.txt
engineyard_rails_dev_directory\admin_services_story_processado,engineyard_rails_dev_directory,0,1,-,"linha 4: Wrong indentation for ""Step"", expected indentation level of 2, but got 4\nlinha 5: Wrong indentation for ""Step"", expected indentation level of 2, but got 4\nlinha 6: Wrong indentation for ""Step"", expected indentation level of 2, but got 4\nlinha 7: Wrong indentation for ""Step"", expected indentation level of 2, but got 4\nlinha 8: Wrong indentation for ""Step"", expected indentation level of 2, but got 4\nlinha 11: Wrong indentation for ""Step"", expected indentation level of 2, but got 4\nlinha 12: Wrong indentation for ""Step"", expected indentation level of 2, but got 4\nlinha 13: Wrong indentation for ""Step"", expected indentation level of 2, but got 4\nlinha 16: Wrong indentation for ""Step"", expected indentation level of 2, but got 4\nlinha 17: Wrong indentation for ""Step"", expected indentation level of 2, but got 4\nlinha 18: Wrong indentation for ""Step"", expected indentation level of 2, but got 4\nlinha 19: Wrong indentation for ""Step"", expected indentation level of 2, but got 4\nlinha 20: Wrong indentation for ""Step"", expected indentation level of 2, but got 4\nlinha 20: Step name is too long. Length of 86 is longer than the maximum allowed: 70\nlinha 23: Wrong indentation for ""Step"", expected indentation level of 2, but got 4\nlinha 24: Wrong indentation for ""Step"", expected indentation level of 2, but got 4\nlinha 25: Wrong indentation for ""Step"", expected indentation level of 2, but got 4\nlinha 26: Wrong indentation for ""Step"", expected indentation level of 2, but got 4\nlinha 29: Wrong indentation for ""Step"", expected indentation level of 2, but got 4\nlinha 30: Wrong indentation for ""Step"", expected indentation level of 2, but got 4\nlinha 31: Wrong indentation for ""Step"", expected indentation level of 2, but got 4\nlinha 31: Step name is too long. Length of 79 is longer than the maximum allowed: 70",22,engineyard_rails_dev_directory\admin_services_story_processado.txt,engineyard_rails_dev_directory\admin_services_story_processado_relatorio.txt
engineyard_rails_dev_directory\admin_top_cities_story_processado,engineyard_rails_dev_directory,0,1,-,"linha 4: Wrong indentation for ""Step"", expected indentation level of 2, but got 4\nlinha 5: Wrong indentation for ""Step"", expected indentation level of 2, but got 4\nlinha 6: Wrong indentation for ""Step"", expected indentation level of 2, but got 4\nlinha 7: Wrong indentation for ""Step"", expected indentation level of 2, but got 4\nlinha 8: Wrong indentation for ""Step"", expected indentation level of 2, but got 4\nlinha 9: Wrong indentation for ""Step"", expected indentation level of 2, but got 4\nlinha 12: Wrong indentation for ""Step"", expected indentation level of 2, but got 4\nlinha 13: Wrong indentation for ""Step"", expected indentation level of 2, but got 4\nlinha 14: Wrong indentation for ""Step"", expected indentation level of 2, but got 4\nlinha 15: Wrong indentation for ""Step"", expected indentation level of 2, but got 4\nlinha 16: Wrong indentation for ""Step"", expected indentation level of 2, but got 4\nlinha 19: Wrong indentation for ""Step"", expected indentation level of 2, but got 4\nlinha 20: Wrong indentation for ""Step"", expected indentation level of 2, but got 4\nlinha 21: Wrong indentation for ""Step"", expected indentation level of 2, but got 4\nlinha 22: Wrong indentation for ""Step"", expected indentation level of 2, but got 4\nlinha 23: Wrong indentation for ""Step"", expected indentation level of 2, but got 4\nlinha 26: Wrong indentation for ""Step"", expected indentation level of 2, but got 4\nlinha 27: Wrong indentation for ""Step"", expected indentation level of 2, but got 4\nlinha 28: Wrong indentation for ""Step"", expected indentation level of 2, but got 4\nlinha 29: Wrong indentation for ""Step"", expected indentation level of 2, but got 4\nlinha 30: Wrong indentation for ""Step"", expected indentation level of 2, but got 4\nlinha 32: Scenario name is too long. Length of 72 is longer than the maximum allowed: 70\nlinha 33: Wrong indentation for ""Step"", expected indentation level of 2, but got 4\nlinha 34: Wrong indentation for ""Step"", expected indentation level of 2, but got 4\nlinha 34: Step name is too long. Length of 81 is longer than the maximum allowed: 70\nlinha 35: Wrong indentation for ""Step"", expected indentation level of 2, but got 4\nlinha 36: Wrong indentation for ""Step"", expected indentation level of 2, but got 4\nlinha 37: Wrong indentation for ""Step"", expected indentation level of 2, but got 4",28,engineyard_rails_dev_directory\admin_top_cities_story_processado.txt,engineyard_rails_dev_directory\admin_top_cities_story_processado_relatorio.txt
engineyard_rails_dev_directory\dashboard_story_processado,engineyard_rails_dev_directory,0,1,-,"linha 4: Wrong indentation for ""Step"", expected indentation level of 2, but got 4\nlinha 5: Wrong indentation for ""Step"", expected indentation level of 2, but got 4\nlinha 6: Wrong indentation for ""Step"", expected indentation level of 2, but got 4\nlinha 7: Wrong indentation for ""Step"", expected indentation level of 2, but got 4\nlinha 8: Wrong indentation for ""Step"", expected indentation level of 2, but got 4\nlinha 11: Wrong indentation for ""Step"", expected indentation level of 2, but got 4\nlinha 12: Wrong indentation for ""Step"", expected indentation level of 2, but got 4\nlinha 13: Wrong indentation for ""Step"", expected indentation level of 2, but got 4\nlinha 16: Wrong indentation for ""Step"", expected indentation level of 2, but got 4\nlinha 17: Wrong indentation for ""Step"", expected indentation level of 2, but got 4\nlinha 18: Wrong indentation for ""Step"", expected indentation level of 2, but got 4\nlinha 21: Wrong indentation for ""Step"", expected indentation level of 2, but got 4\nlinha 21: Step name is too long. Length of 72 is longer than the maximum allowed: 70\nlinha 22: Wrong indentation for ""Step"", expected indentation level of 2, but got 4\nlinha 23: Wrong indentation for ""Step"", expected indentation level of 2, but got 4\nlinha 23: Step name is too long. Length of 80 is longer than the maximum allowed: 70\nlinha 24: Wrong indentation for ""Step"", expected indentation level of 2, but got 4\nlinha 27: Wrong indentation for ""Step"", expected indentation level of 2, but got 4\nlinha 28: Wrong indentation for ""Step"", expected indentation level of 2, but got 4\nlinha 29: Wrong indentation for ""Step"", expected indentation level of 2, but got 4\nlinha 30: Wrong indentation for ""Step"", expected indentation level of 2, but got 4\nlinha 31: Wrong indentation for ""Step"", expected indentation level of 2, but got 4",22,engineyard_rails_dev_directory\dashboard_story_processado.txt,engineyard_rails_dev_directory\dashboard_story_processado_relatorio.txt
engineyard_rails_dev_directory\pages_story_processado,engineyard_rails_dev_directory,0,1,-,"linha 4: Wrong indentation for ""Step"", expected indentation level of 2, but got 4\nlinha 5: Wrong indentation for ""Step"", expected indentation level of 2, but got 4\nlinha 5: Step name is too long. Length of 75 is longer than the maximum allowed: 70\nlinha 6: Wrong indentation for ""Step"", expected indentation level of 2, but got 4\nlinha 7: Wrong indentation for ""Step"", expected indentation level of 2, but got 4\nlinha 8: Wrong indentation for ""Step"", expected indentation level of 2, but got 4\nlinha 11: Wrong indentation for ""Step"", expected indentation level of 2, but got 4\nlinha 12: Wrong indentation for ""Step"", expected indentation level of 2, but got 4\nlinha 13: Wrong indentation for ""Step"", expected indentation level of 2, but got 4\nlinha 14: Wrong indentation for ""Step"", expected indentation level of 2, but got 4\nlinha 15: Wrong indentation for ""Step"", expected indentation level of 2, but got 4\nlinha 16: Wrong indentation for ""Step"", expected indentation level of 2, but got 4\nlinha 19: Wrong indentation for ""Step"", expected indentation level of 2, but got 4\nlinha 20: Wrong indentation for ""Step"", expected indentation level of 2, but got 4\nlinha 21: Wrong indentation for ""Step"", expected indentation level of 2, but got 4\nlinha 22: Wrong indentation for ""Step"", expected indentation level of 2, but got 4\nlinha 23: Wrong indentation for ""Step"", expected indentation level of 2, but got 4\nlinha 26: Wrong indentation for ""Step"", expected indentation level of 2, but got 4\nlinha 27: Wrong indentation for ""Step"", expected indentation level of 2, but got 4\nlinha 28: Wrong indentation for ""Step"", expected indentation level of 2, but got 4\nlinha 29: Wrong indentation for ""Step"", expected indentation level of 2, but got 4\nlinha 30: Wrong indentation for ""Step"", expected indentation level of 2, but got 4\nlinha 33: Wrong indentation for ""Step"", expected indentation level of 2, but got 4\nlinha 34: Wrong indentation for ""Step"", expected indentation level of 2, but got 4\nlinha 35: Wrong indentation for ""Step"", expected indentation level of 2, but got 4\nlinha 36: Wrong indentation for ""Step"", expected indentation level of 2, but got 4",26,engineyard_rails_dev_directory\pages_story_processado.txt,engineyard_rails_dev_directory\pages_story_processado_relatorio.txt
inventorypapa_free-dropshipping-automation-software\browsing_inventory_story_processado,inventorypapa_free-dropshipping-automation-software,0,1,-,"linha 4: Wrong indentation for ""Step"", expected indentation level of 2, but got 4\nlinha 5: Wrong indentation for ""Step"", expected indentation level of 2, but got 4\nlinha 6: Wrong indentation for ""Step"", expected indentation level of 2, but got 4\nlinha 7: Wrong indentation for ""Step"", expected indentation level of 2, but got 4\nlinha 10: Wrong indentation for ""Step"", expected indentation level of 2, but got 4\nlinha 11: Wrong indentation for ""Step"", expected indentation level of 2, but got 4\nlinha 12: Wrong indentation for ""Step"", expected indentation level of 2, but got 4\nlinha 13: Wrong indentation for ""Step"", expected indentation level of 2, but got 4\nlinha 14: Wrong indentation for ""Step"", expected indentation level of 2, but got 4\nlinha 17: Wrong indentation for ""Step"", expected indentation level of 2, but got 4\nlinha 18: Wrong indentation for ""Step"", expected indentation level of 2, but got 4\nlinha 19: Wrong indentation for ""Step"", expected indentation level of 2, but got 4\nlinha 19: Step name is too long. Length of 83 is longer than the maximum allowed: 70\nlinha 22: Wrong indentation for ""Step"", expected indentation level of 2, but got 4\nlinha 23: Wrong indentation for ""Step"", expected indentation level of 2, but got 4\nlinha 24: Wrong indentation for ""Step"", expected indentation level of 2, but got 4\nlinha 25: Wrong indentation for ""Step"", expected indentation level of 2, but got 4\nlinha 28: Wrong indentation for ""Step"", expected indentation level of 2, but got 4\nlinha 29: Wrong indentation for ""Step"", expected indentation level of 2, but got 4\nlinha 30: Wrong indentation for ""Step"", expected indentation level of 2, but got 4\nlinha 30: Step name is too long. Length of 74 is longer than the maximum allowed: 70\nlinha 31: Wrong indentation for ""Step"", expected indentation level of 2, but got 4",22,inventorypapa_free-dropshipping-automation-software\browsing_inventory_story_processado.txt,inventorypapa_free-dropshipping-automation-software\browsing_inventory_story_processado_relatorio.txt
inventorypapa_free-dropshipping-automation-software\product_review_validation_1_story_processado,inventorypapa_free-dropshipping-automation-software,0,1,-,"linha 4: Wrong indentation for ""Step"", expected indentation level of 2, but got 4\nlinha 5: Wrong indentation for ""Step"", expected indentation level of 2, but got 4\nlinha 6: Wrong indentation for ""Step"", expected indentation level of 2, but got 4\nlinha 7: Wrong indentation for ""Step"", expected indentation level of 2, but got 4\nlinha 8: Wrong indentation for ""Step"", expected indentation level of 2, but got 4\nlinha 11: Wrong indentation for ""Step"", expected indentation level of 2, but got 4\nlinha 12: Wrong indentation for ""Step"", expected indentation level of 2, but got 4\nlinha 13: Wrong indentation for ""Step"", expected indentation level of 2, but got 4\nlinha 14: Wrong indentation for ""Step"", expected indentation level of 2, but got 4\nlinha 15: Wrong indentation for ""Step"", expected indentation level of 2, but got 4\nlinha 18: Wrong indentation for ""Step"", expected indentation level of 2, but got 4\nlinha 19: Wrong indentation for ""Step"", expected indentation level of 2, but got 4\nlinha 20: Wrong indentation for ""Step"", expected indentation level of 2, but got 4\nlinha 21: Wrong indentation for ""Step"", expected indentation level of 2, but got 4\nlinha 22: Wrong indentation for ""Step"", expected indentation level of 2, but got 4\nlinha 25: Wrong indentation for ""Step"", expected indentation level of 2, but got 4\nlinha 26: Wrong indentation for ""Step"", expected indentation level of 2, but got 4\nlinha 27: Wrong indentation for ""Step"", expected indentation level of 2, but got 4\nlinha 28: Wrong indentation for ""Step"", expected indentation level of 2, but got 4\nlinha 29: Wrong indentation for ""Step"", expected indentation level of 2, but got 4\nlinha 32: Wrong indentation for ""Step"", expected indentation level of 2, but got 4\nlinha 33: Wrong indentation for ""Step"", expected indentation level of 2, but got 4\nlinha 34: Wrong indentation for ""Step"", expected indentation level of 2, but got 4\nlinha 35: Wrong indentation for ""Step"", expected indentation level of 2, but got 4\nlinha 36: Wrong indentation for ""Step"", expected indentation level of 2, but got 4",25,inventorypapa_free-dropshipping-automation-software\product_review_validation_1_story_processado.txt,inventorypapa_free-dropshipping-automation-software\product_review_validation_1_story_processado_relatorio.txt
inventorypapa_free-dropshipping-automation-software\seeing_orders_statistics_on_customer_details_page_story_processado,inventorypapa_free-dropshipping-automation-software,0,1,-,"linha 1: Feature name is too long. Length of 66 is longer than the maximum allowed: 50\nlinha 4: Wrong indentation for ""Step"", expected indentation level of 2, but got 4\nlinha 4: Step name is too long. Length of 79 is longer than the maximum allowed: 70\nlinha 5: Wrong indentation for ""Step"", expected indentation level of 2, but got 4\nlinha 6: Wrong indentation for ""Step"", expected indentation level of 2, but got 4\nlinha 7: Wrong indentation for ""Step"", expected indentation level of 2, but got 4\nlinha 8: Wrong indentation for ""Step"", expected indentation level of 2, but got 4\nlinha 11: Wrong indentation for ""Step"", expected indentation level of 2, but got 4\nlinha 12: Wrong indentation for ""Step"", expected indentation level of 2, but got 4\nlinha 13: Wrong indentation for ""Step"", expected indentation level of 2, but got 4\nlinha 14: Wrong indentation for ""Step"", expected indentation level of 2, but got 4\nlinha 16: Scenario name is too long. Length of 74 is longer than the maximum allowed: 70\nlinha 17: Wrong indentation for ""Step"", expected indentation level of 2, but got 4\nlinha 18: Wrong indentation for ""Step"", expected indentation level of 2, but got 4\nlinha 19: Wrong indentation for ""Step"", expected indentation level of 2, but got 4\nlinha 20: Wrong indentation for ""Step"", expected indentation level of 2, but got 4\nlinha 23: Wrong indentation for ""Step"", expected indentation level of 2, but got 4\nlinha 24: Wrong indentation for ""Step"", expected indentation level of 2, but got 4\nlinha 25: Wrong indentation for ""Step"", expected indentation level of 2, but got 4\nlinha 26: Wrong indentation for ""Step"", expected indentation level of 2, but got 4\nlinha 29: Wrong indentation for ""Step"", expected indentation level of 2, but got 4\nlinha 30: Wrong indentation for ""Step"", expected indentation level of 2, but got 4\nlinha 31: Wrong indentation for ""Step"", expected indentation level of 2, but got 4\nlinha 32: Wrong indentation for ""Step"", expected indentation level of 2, but got 4",24,inventorypapa_free-dropshipping-automation-software\seeing_orders_statistics_on_customer_details_page_story_processado.txt,inventorypapa_free-dropshipping-automation-software\seeing_orders_statistics_on_customer_details_page_story_processado_relatorio.txt
inventorypapa_free-dropshipping-automation-software\sorting_payment_methods_by_position_story_processado,inventorypapa_free-dropshipping-automation-software,0,1,-,"linha 1: Feature name is too long. Length of 52 is longer than the maximum allowed: 50\nlinha 4: Wrong indentation for ""Step"", expected indentation level of 2, but got 4\nlinha 5: Wrong indentation for ""Step"", expected indentation level of 2, but got 4\nlinha 6: Wrong indentation for ""Step"", expected indentation level of 2, but got 4\nlinha 9: Wrong indentation for ""Step"", expected indentation level of 2, but got 4\nlinha 10: Wrong indentation for ""Step"", expected indentation level of 2, but got 4\nlinha 11: Wrong indentation for ""Step"", expected indentation level of 2, but got 4\nlinha 14: Wrong indentation for ""Step"", expected indentation level of 2, but got 4\nlinha 15: Wrong indentation for ""Step"", expected indentation level of 2, but got 4\nlinha 15: Step name is too long. Length of 85 is longer than the maximum allowed: 70\nlinha 16: Wrong indentation for ""Step"", expected indentation level of 2, but got 4\nlinha 17: Wrong indentation for ""Step"", expected indentation level of 2, but got 4\nlinha 20: Wrong indentation for ""Step"", expected indentation level of 2, but got 4\nlinha 21: Wrong indentation for ""Step"", expected indentation level of 2, but got 4\nlinha 21: Step name is too long. Length of 84 is longer than the maximum allowed: 70\nlinha 22: Wrong indentation for ""Step"", expected indentation level of 2, but got 4\nlinha 23: Wrong indentation for ""Step"", expected indentation level of 2, but got 4\nlinha 26: Wrong indentation for ""Step"", expected indentation level of 2, but got 4\nlinha 27: Wrong indentation for ""Step"", expected indentation level of 2, but got 4\nlinha 27: Step name is too long. Length of 85 is longer than the maximum allowed: 70\nlinha 28: Wrong indentation for ""Step"", expected indentation level of 2, but got 4\nlinha 29: Wrong indentation for ""Step"", expected indentation level of 2, but got 4",22,inventorypapa_free-dropshipping-automation-software\sorting_payment_methods_by_position_story_processado.txt,inventorypapa_free-dropshipping-automation-software\sorting_payment_methods_by_position_story_processado_relatorio.txt
irontec_ivozprovider\getExternalCallFilterBlackList_story_processado,irontec_ivozprovider,0,1,-,"linha 4: Wrong indentation for ""Step"", expected indentation level of 2, but got 4\nlinha 5: Wrong indentation for ""Step"", expected indentation level of 2, but got 4\nlinha 5: Step name is too long. Length of 80 is longer than the maximum allowed: 70\nlinha 6: Wrong indentation for ""Step"", expected indentation level of 2, but got 4\nlinha 7: Wrong indentation for ""Step"", expected indentation level of 2, but got 4\nlinha 10: Wrong indentation for ""Step"", expected indentation level of 2, but got 4\nlinha 11: Wrong indentation for ""Step"", expected indentation level of 2, but got 4\nlinha 11: Step name is too long. Length of 80 is longer than the maximum allowed: 70\nlinha 12: Wrong indentation for ""Step"", expected indentation level of 2, but got 4\nlinha 13: Wrong indentation for ""Step"", expected indentation level of 2, but got 4\nlinha 16: Wrong indentation for ""Step"", expected indentation level of 2, but got 4\nlinha 17: Wrong indentation for ""Step"", expected indentation level of 2, but got 4\nlinha 18: Wrong indentation for ""Step"", expected indentation level of 2, but got 4\nlinha 18: Step name is too long. Length of 76 is longer than the maximum allowed: 70\nlinha 19: Wrong indentation for ""Step"", expected indentation level of 2, but got 4\nlinha 20: Wrong indentation for ""Step"", expected indentation level of 2, but got 4\nlinha 23: Wrong indentation for ""Step"", expected indentation level of 2, but got 4\nlinha 24: Wrong indentation for ""Step"", expected indentation level of 2, but got 4\nlinha 25: Wrong indentation for ""Step"", expected indentation level of 2, but got 4\nlinha 25: Step name is too long. Length of 76 is longer than the maximum allowed: 70\nlinha 26: Wrong indentation for ""Step"", expected indentation level of 2, but got 4\nlinha 27: Wrong indentation for ""Step"", expected indentation level of 2, but got 4\nlinha 29: Scenario name is too long. Length of 74 is longer than the maximum allowed: 70\nlinha 30: Wrong indentation for ""Step"", expected indentation level of 2, but got 4\nlinha 31: Wrong indentation for ""Step"", expected indentation level of 2, but got 4\nlinha 31: Step name is too long. Length of 80 is longer than the maximum allowed: 70\nlinha 32: Wrong indentation for ""Step"", expected indentation level of 2, but got 4\nlinha 33: Wrong indentation for ""Step"", expected indentation level of 2, but got 4",28,irontec_ivozprovider\getExternalCallFilterBlackList_story_processado.txt,irontec_ivozprovider\getExternalCallFilterBlackList_story_processado_relatorio.txt
irontec_ivozprovider\postHuntGroupMember_story_processado,irontec_ivozprovider,0,1,-,"linha 4: Wrong indentation for ""Step"", expected indentation level of 2, but got 4\nlinha 5: Wrong indentation for ""Step"", expected indentation level of 2, but got 4\nlinha 6: Wrong indentation for ""Step"", expected indentation level of 2, but got 4\nlinha 6: Step name is too long. Length of 71 is longer than the maximum allowed: 70\nlinha 7: Wrong indentation for ""Step"", expected indentation level of 2, but got 4\nlinha 8: Wrong indentation for ""Step"", expected indentation level of 2, but got 4\nlinha 9: Wrong indentation for ""Step"", expected indentation level of 2, but got 4\nlinha 10: Wrong indentation for ""Step"", expected indentation level of 2, but got 4\nlinha 11: Wrong indentation for ""Step"", expected indentation level of 2, but got 4\nlinha 12: Wrong indentation for ""Step"", expected indentation level of 2, but got 4\nlinha 15: Wrong indentation for ""Step"", expected indentation level of 2, but got 4\nlinha 16: Wrong indentation for ""Step"", expected indentation level of 2, but got 4\nlinha 17: Wrong indentation for ""Step"", expected indentation level of 2, but got 4\nlinha 17: Step name is too long. Length of 71 is longer than the maximum allowed: 70\nlinha 18: Wrong indentation for ""Step"", expected indentation level of 2, but got 4\nlinha 19: Wrong indentation for ""Step"", expected indentation level of 2, but got 4\nlinha 20: Wrong indentation for ""Step"", expected indentation level of 2, but got 4\nlinha 21: Wrong indentation for ""Step"", expected indentation level of 2, but got 4\nlinha 24: Wrong indentation for ""Step"", expected indentation level of 2, but got 4\nlinha 25: Wrong indentation for ""Step"", expected indentation level of 2, but got 4\nlinha 26: Wrong indentation for ""Step"", expected indentation level of 2, but got 4\nlinha 26: Step name is too long. Length of 71 is longer than the maximum allowed: 70\nlinha 27: Wrong indentation for ""Step"", expected indentation level of 2, but got 4\nlinha 28: Wrong indentation for ""Step"", expected indentation level of 2, but got 4\nlinha 29: Wrong indentation for ""Step"", expected indentation level of 2, but got 4\nlinha 30: Wrong indentation for ""Step"", expected indentation level of 2, but got 4\nlinha 33: Wrong indentation for ""Step"", expected indentation level of 2, but got 4\nlinha 34: Wrong indentation for ""Step"", expected indentation level of 2, but got 4\nlinha 35: Wrong indentation for ""Step"", expected indentation level of 2, but got 4\nlinha 35: Step name is too long. Length of 71 is longer than the maximum allowed: 70\nlinha 36: Wrong indentation for ""Step"", expected indentation level of 2, but got 4\nlinha 37: Wrong indentation for ""Step"", expected indentation level of 2, but got 4\nlinha 38: Wrong indentation for ""Step"", expected indentation level of 2, but got 4\nlinha 39: Wrong indentation for ""Step"", expected indentation level of 2, but got 4\nlinha 40: Wrong indentation for ""Step"", expected indentation level of 2, but got 4\nlinha 43: Wrong indentation for ""Step"", expected indentation level of 2, but got 4\nlinha 44: Wrong indentation for ""Step"", expected indentation level of 2, but got 4\nlinha 45: Wrong indentation for ""Step"", expected indentation level of 2, but got 4\nlinha 45: Step name is too long. Length of 71 is longer than the maximum allowed: 70\nlinha 46: Wrong indentation for ""Step"", expected indentation level of 2, but got 4\nlinha 47: Wrong indentation for ""Step"", expected indentation level of 2, but got 4\nlinha 48: Wrong indentation for ""Step"", expected indentation level of 2, but got 4\nlinha 49: Wrong indentation for ""Step"", expected indentation level of 2, but got 4",43,irontec_ivozprovider\postHuntGroupMember_story_processado.txt,irontec_ivozprovider\postHuntGroupMember_story_processado_relatorio.txt
irontec_ivozprovider\removeDomains_2_story_processado,irontec_ivozprovider,0,1,-,"linha 4: Wrong indentation for ""Step"", expected indentation level of 2, but got 4\nlinha 5: Wrong indentation for ""Step"", expected indentation level of 2, but got 4\nlinha 6: Wrong indentation for ""Step"", expected indentation level of 2, but got 4\nlinha 6: Step name is too long. Length of 74 is longer than the maximum allowed: 70\nlinha 7: Wrong indentation for ""Step"", expected indentation level of 2, but got 4\nlinha 8: Wrong indentation for ""Step"", expected indentation level of 2, but got 4\nlinha 11: Wrong indentation for ""Step"", expected indentation level of 2, but got 4\nlinha 12: Wrong indentation for ""Step"", expected indentation level of 2, but got 4\nlinha 13: Wrong indentation for ""Step"", expected indentation level of 2, but got 4\nlinha 13: Step name is too long. Length of 78 is longer than the maximum allowed: 70\nlinha 14: Wrong indentation for ""Step"", expected indentation level of 2, but got 4\nlinha 15: Wrong indentation for ""Step"", expected indentation level of 2, but got 4\nlinha 18: Wrong indentation for ""Step"", expected indentation level of 2, but got 4\nlinha 19: Wrong indentation for ""Step"", expected indentation level of 2, but got 4\nlinha 20: Wrong indentation for ""Step"", expected indentation level of 2, but got 4\nlinha 20: Step name is too long. Length of 74 is longer than the maximum allowed: 70\nlinha 21: Wrong indentation for ""Step"", expected indentation level of 2, but got 4\nlinha 22: Wrong indentation for ""Step"", expected indentation level of 2, but got 4\nlinha 22: Step name is too long. Length of 78 is longer than the maximum allowed: 70\nlinha 25: Wrong indentation for ""Step"", expected indentation level of 2, but got 4\nlinha 26: Wrong indentation for ""Step"", expected indentation level of 2, but got 4\nlinha 27: Wrong indentation for ""Step"", expected indentation level of 2, but got 4\nlinha 27: Step name is too long. Length of 74 is longer than the maximum allowed: 70\nlinha 28: Wrong indentation for ""Step"", expected indentation level of 2, but got 4\nlinha 29: Wrong indentation for ""Step"", expected indentation level of 2, but got 4\nlinha 32: Wrong indentation for ""Step"", expected indentation level of 2, but got 4\nlinha 33: Wrong indentation for ""Step"", expected indentation level of 2, but got 4\nlinha 34: Wrong indentation for ""Step"", expected indentation level of 2, but got 4\nlinha 34: Step name is too long. Length of 75 is longer than the maximum allowed: 70\nlinha 35: Wrong indentation for ""Step"", expected indentation level of 2, but got 4\nlinha 35: Step name is too long. Length of 75 is longer than the maximum allowed: 70\nlinha 36: Wrong indentation for ""Step"", expected indentation level of 2, but got 4\nlinha 37: Wrong indentation for ""Step"", expected indentation level of 2, but got 4",33,irontec_ivozprovider\removeDomains_2_story_processado.txt,irontec_ivozprovider\removeDomains_2_story_processado_relatorio.txt
irontec_ivozprovider\removeSpecialNumber_1_story_processado,irontec_ivozprovider,0,1,-,"linha 4: Wrong indentation for ""Step"", expected indentation level of 2, but got 4\nlinha 5: Wrong indentation for ""Step"", expected indentation level of 2, but got 4\nlinha 6: Wrong indentation for ""Step"", expected indentation level of 2, but got 4\nlinha 6: Step name is too long. Length of 78 is longer than the maximum allowed: 70\nlinha 7: Wrong indentation for ""Step"", expected indentation level of 2, but got 4\nlinha 8: Wrong indentation for ""Step"", expected indentation level of 2, but got 4\nlinha 11: Wrong indentation for ""Step"", expected indentation level of 2, but got 4\nlinha 12: Wrong indentation for ""Step"", expected indentation level of 2, but got 4\nlinha 13: Wrong indentation for ""Step"", expected indentation level of 2, but got 4\nlinha 13: Step name is too long. Length of 78 is longer than the maximum allowed: 70\nlinha 14: Wrong indentation for ""Step"", expected indentation level of 2, but got 4\nlinha 15: Wrong indentation for ""Step"", expected indentation level of 2, but got 4\nlinha 18: Wrong indentation for ""Step"", expected indentation level of 2, but got 4\nlinha 19: Wrong indentation for ""Step"", expected indentation level of 2, but got 4\nlinha 20: Wrong indentation for ""Step"", expected indentation level of 2, but got 4\nlinha 20: Step name is too long. Length of 86 is longer than the maximum allowed: 70\nlinha 21: Wrong indentation for ""Step"", expected indentation level of 2, but got 4\nlinha 22: Wrong indentation for ""Step"", expected indentation level of 2, but got 4\nlinha 25: Wrong indentation for ""Step"", expected indentation level of 2, but got 4\nlinha 26: Wrong indentation for ""Step"", expected indentation level of 2, but got 4\nlinha 27: Wrong indentation for ""Step"", expected indentation level of 2, but got 4\nlinha 27: Step name is too long. Length of 71 is longer than the maximum allowed: 70\nlinha 28: Wrong indentation for ""Step"", expected indentation level of 2, but got 4\nlinha 29: Wrong indentation for ""Step"", expected indentation level of 2, but got 4\nlinha 29: Step name is too long. Length of 75 is longer than the maximum allowed: 70\nlinha 32: Wrong indentation for ""Step"", expected indentation level of 2, but got 4\nlinha 33: Wrong indentation for ""Step"", expected indentation level of 2, but got 4\nlinha 33: Step name is too long. Length of 89 is longer than the maximum allowed: 70\nlinha 34: Wrong indentation for ""Step"", expected indentation level of 2, but got 4\nlinha 35: Wrong indentation for ""Step"", expected indentation level of 2, but got 4",30,irontec_ivozprovider\removeSpecialNumber_1_story_processado.txt,irontec_ivozprovider\removeSpecialNumber_1_story_processado_relatorio.txt
karma-runner_karma\cli_story_processado,karma-runner_karma,0,1,-,"linha 4: Wrong indentation for ""Step"", expected indentation level of 2, but got 4\nlinha 5: Wrong indentation for ""Step"", expected indentation level of 2, but got 4\nlinha 6: Wrong indentation for ""Step"", expected indentation level of 2, but got 4\nlinha 7: Wrong indentation for ""Step"", expected indentation level of 2, but got 4\nlinha 10: Wrong indentation for ""Step"", expected indentation level of 2, but got 4\nlinha 11: Wrong indentation for ""Step"", expected indentation level of 2, but got 4\nlinha 12: Wrong indentation for ""Step"", expected indentation level of 2, but got 4\nlinha 13: Wrong indentation for ""Step"", expected indentation level of 2, but got 4\nlinha 16: Wrong indentation for ""Step"", expected indentation level of 2, but got 4\nlinha 17: Wrong indentation for ""Step"", expected indentation level of 2, but got 4\nlinha 18: Wrong indentation for ""Step"", expected indentation level of 2, but got 4\nlinha 18: Step name is too long. Length of 75 is longer than the maximum allowed: 70\nlinha 19: Wrong indentation for ""Step"", expected indentation level of 2, but got 4\nlinha 22: Wrong indentation for ""Step"", expected indentation level of 2, but got 4\nlinha 23: Wrong indentation for ""Step"", expected indentation level of 2, but got 4\nlinha 24: Wrong indentation for ""Step"", expected indentation level of 2, but got 4\nlinha 25: Wrong indentation for ""Step"", expected indentation level of 2, but got 4\nlinha 28: Wrong indentation for ""Step"", expected indentation level of 2, but got 4\nlinha 29: Wrong indentation for ""Step"", expected indentation level of 2, but got 4\nlinha 30: Wrong indentation for ""Step"", expected indentation level of 2, but got 4\nlinha 30: Step name is too long. Length of 86 is longer than the maximum allowed: 70\nlinha 31: Wrong indentation for ""Step"", expected indentation level of 2, but got 4\nlinha 31: Step name is too long. Length of 84 is longer than the maximum allowed: 70",23,karma-runner_karma\cli_story_processado.txt,karma-runner_karma\cli_story_processado_relatorio.txt
karma-runner_karma\headers_story_processado,karma-runner_karma,0,1,-,"linha 4: Wrong indentation for ""Step"", expected indentation level of 2, but got 4\nlinha 5: Wrong indentation for ""Step"", expected indentation level of 2, but got 4\nlinha 5: Step name is too long. Length of 94 is longer than the maximum allowed: 70\nlinha 6: Wrong indentation for ""Step"", expected indentation level of 2, but got 4\nlinha 6: Step name is too long. Length of 93 is longer than the maximum allowed: 70\nlinha 9: Wrong indentation for ""Step"", expected indentation level of 2, but got 4\nlinha 10: Wrong indentation for ""Step"", expected indentation level of 2, but got 4\nlinha 10: Step name is too long. Length of 82 is longer than the maximum allowed: 70\nlinha 11: Wrong indentation for ""Step"", expected indentation level of 2, but got 4\nlinha 11: Step name is too long. Length of 73 is longer than the maximum allowed: 70\nlinha 12: Wrong indentation for ""Step"", expected indentation level of 2, but got 4\nlinha 12: Step name is too long. Length of 81 is longer than the maximum allowed: 70\nlinha 13: Wrong indentation for ""Step"", expected indentation level of 2, but got 4\nlinha 16: Wrong indentation for ""Step"", expected indentation level of 2, but got 4\nlinha 17: Wrong indentation for ""Step"", expected indentation level of 2, but got 4\nlinha 17: Step name is too long. Length of 95 is longer than the maximum allowed: 70\nlinha 18: Wrong indentation for ""Step"", expected indentation level of 2, but got 4\nlinha 21: Wrong indentation for ""Step"", expected indentation level of 2, but got 4\nlinha 22: Wrong indentation for ""Step"", expected indentation level of 2, but got 4\nlinha 22: Step name is too long. Length of 85 is longer than the maximum allowed: 70\nlinha 23: Wrong indentation for ""Step"", expected indentation level of 2, but got 4\nlinha 23: Step name is too long. Length of 99 is longer than the maximum allowed: 70\nlinha 24: Wrong indentation for ""Step"", expected indentation level of 2, but got 4\nlinha 24: Step name is too long. Length of 93 is longer than the maximum allowed: 70\nlinha 27: Wrong indentation for ""Step"", expected indentation level of 2, but got 4\nlinha 28: Wrong indentation for ""Step"", expected indentation level of 2, but got 4\nlinha 28: Step name is too long. Length of 97 is longer than the maximum allowed: 70\nlinha 29: Wrong indentation for ""Step"", expected indentation level of 2, but got 4\nlinha 30: Wrong indentation for ""Step"", expected indentation level of 2, but got 4",29,karma-runner_karma\headers_story_processado.txt,karma-runner_karma\headers_story_processado_relatorio.txt
karma-runner_karma\launcher-error_story_processado,karma-runner_karma,0,1,-,"linha 4: Wrong indentation for ""Step"", expected indentation level of 2, but got 4\nlinha 5: Wrong indentation for ""Step"", expected indentation level of 2, but got 4\nlinha 6: Wrong indentation for ""Step"", expected indentation level of 2, but got 4\nlinha 7: Wrong indentation for ""Step"", expected indentation level of 2, but got 4\nlinha 8: Wrong indentation for ""Step"", expected indentation level of 2, but got 4\nlinha 11: Wrong indentation for ""Step"", expected indentation level of 2, but got 4\nlinha 12: Wrong indentation for ""Step"", expected indentation level of 2, but got 4\nlinha 13: Wrong indentation for ""Step"", expected indentation level of 2, but got 4\nlinha 14: Wrong indentation for ""Step"", expected indentation level of 2, but got 4\nlinha 15: Wrong indentation for ""Step"", expected indentation level of 2, but got 4\nlinha 18: Wrong indentation for ""Step"", expected indentation level of 2, but got 4\nlinha 19: Wrong indentation for ""Step"", expected indentation level of 2, but got 4\nlinha 20: Wrong indentation for ""Step"", expected indentation level of 2, but got 4\nlinha 21: Wrong indentation for ""Step"", expected indentation level of 2, but got 4\nlinha 22: Wrong indentation for ""Step"", expected indentation level of 2, but got 4\nlinha 25: Wrong indentation for ""Step"", expected indentation level of 2, but got 4\nlinha 26: Wrong indentation for ""Step"", expected indentation level of 2, but got 4\nlinha 27: Wrong indentation for ""Step"", expected indentation level of 2, but got 4\nlinha 28: Wrong indentation for ""Step"", expected indentation level of 2, but got 4\nlinha 29: Wrong indentation for ""Step"", expected indentation level of 2, but got 4\nlinha 32: Wrong indentation for ""Step"", expected indentation level of 2, but got 4\nlinha 33: Wrong indentation for ""Step"", expected indentation level of 2, but got 4\nlinha 34: Wrong indentation for ""Step"", expected indentation level of 2, but got 4\nlinha 35: Wrong indentation for ""Step"", expected indentation level of 2, but got 4\nlinha 36: Wrong indentation for ""Step"", expected indentation level of 2, but got 4",25,karma-runner_karma\launcher-error_story_processado.txt,karma-runner_karma\launcher-error_story_processado_relatorio.txt
karma-runner_karma\tag_story_processado,karma-runner_karma,0,1,-,"linha 4: Wrong indentation for ""Step"", expected indentation level of 2, but got 4\nlinha 5: Wrong indentation for ""Step"", expected indentation level of 2, but got 4\nlinha 6: Wrong indentation for ""Step"", expected indentation level of 2, but got 4\nlinha 7: Wrong indentation for ""Step"", expected indentation level of 2, but got 4\nlinha 7: Step name is too long. Length of 72 is longer than the maximum allowed: 70\nlinha 8: Wrong indentation for ""Step"", expected indentation level of 2, but got 4\nlinha 11: Wrong indentation for ""Step"", expected indentation level of 2, but got 4\nlinha 12: Wrong indentation for ""Step"", expected indentation level of 2, but got 4\nlinha 13: Wrong indentation for ""Step"", expected indentation level of 2, but got 4\nlinha 14: Wrong indentation for ""Step"", expected indentation level of 2, but got 4\nlinha 14: Step name is too long. Length of 80 is longer than the maximum allowed: 70\nlinha 15: Wrong indentation for ""Step"", expected indentation level of 2, but got 4\nlinha 18: Wrong indentation for ""Step"", expected indentation level of 2, but got 4\nlinha 19: Wrong indentation for ""Step"", expected indentation level of 2, but got 4\nlinha 20: Wrong indentation for ""Step"", expected indentation level of 2, but got 4\nlinha 21: Wrong indentation for ""Step"", expected indentation level of 2, but got 4\nlinha 22: Wrong indentation for ""Step"", expected indentation level of 2, but got 4\nlinha 22: Step name is too long. Length of 73 is longer than the maximum allowed: 70\nlinha 23: Wrong indentation for ""Step"", expected indentation level of 2, but got 4\nlinha 26: Wrong indentation for ""Step"", expected indentation level of 2, but got 4\nlinha 27: Wrong indentation for ""Step"", expected indentation level of 2, but got 4\nlinha 28: Wrong indentation for ""Step"", expected indentation level of 2, but got 4\nlinha 29: Wrong indentation for ""Step"", expected indentation level of 2, but got 4\nlinha 30: Wrong indentation for ""Step"", expected indentation level of 2, but got 4\nlinha 33: Wrong indentation for ""Step"", expected indentation level of 2, but got 4\nlinha 34: Wrong indentation for ""Step"", expected indentation level of 2, but got 4\nlinha 35: Wrong indentation for ""Step"", expected indentation level of 2, but got 4\nlinha 36: Wrong indentation for ""Step"", expected indentation level of 2, but got 4\nlinha 37: Wrong indentation for ""Step"", expected indentation level of 2, but got 4\nlinha 37: Step name is too long. Length of 72 is longer than the maximum allowed: 70\nlinha 38: Wrong indentation for ""Step"", expected indentation level of 2, but got 4\nlinha 38: Step ""Then the test is skipped or fails as expected"" should use And instead of Then",32,karma-runner_karma\tag_story_processado.txt,karma-runner_karma\tag_story_processado_relatorio.txt
ledgersmb_LedgerSMB\chart-of-accounts_story_processado,ledgersmb_LedgerSMB,0,1,-,"linha 4: Wrong indentation for ""Step"", expected indentation level of 2, but got 4\nlinha 5: Wrong indentation for ""Step"", expected indentation level of 2, but got 4\nlinha 6: Wrong indentation for ""Step"", expected indentation level of 2, but got 4\nlinha 7: Wrong indentation for ""Step"", expected indentation level of 2, but got 4\nlinha 8: Wrong indentation for ""Step"", expected indentation level of 2, but got 4\nlinha 11: Wrong indentation for ""Step"", expected indentation level of 2, but got 4\nlinha 12: Wrong indentation for ""Step"", expected indentation level of 2, but got 4\nlinha 13: Wrong indentation for ""Step"", expected indentation level of 2, but got 4\nlinha 14: Wrong indentation for ""Step"", expected indentation level of 2, but got 4\nlinha 15: Wrong indentation for ""Step"", expected indentation level of 2, but got 4\nlinha 16: Wrong indentation for ""Step"", expected indentation level of 2, but got 4\nlinha 19: Wrong indentation for ""Step"", expected indentation level of 2, but got 4\nlinha 20: Wrong indentation for ""Step"", expected indentation level of 2, but got 4\nlinha 21: Wrong indentation for ""Step"", expected indentation level of 2, but got 4\nlinha 22: Wrong indentation for ""Step"", expected indentation level of 2, but got 4\nlinha 23: Wrong indentation for ""Step"", expected indentation level of 2, but got 4\nlinha 24: Wrong indentation for ""Step"", expected indentation level of 2, but got 4\nlinha 27: Wrong indentation for ""Step"", expected indentation level of 2, but got 4\nlinha 28: Wrong indentation for ""Step"", expected indentation level of 2, but got 4\nlinha 29: Wrong indentation for ""Step"", expected indentation level of 2, but got 4\nlinha 30: Wrong indentation for ""Step"", expected indentation level of 2, but got 4\nlinha 30: Step name is too long. Length of 73 is longer than the maximum allowed: 70\nlinha 31: Wrong indentation for ""Step"", expected indentation level of 2, but got 4\nlinha 32: Wrong indentation for ""Step"", expected indentation level of 2, but got 4\nlinha 32: Step name is too long. Length of 77 is longer than the maximum allowed: 70\nlinha 35: Wrong indentation for ""Step"", expected indentation level of 2, but got 4\nlinha 36: Wrong indentation for ""Step"", expected indentation level of 2, but got 4\nlinha 37: Wrong indentation for ""Step"", expected indentation level of 2, but got 4\nlinha 37: Step name is too long. Length of 83 is longer than the maximum allowed: 70\nlinha 38: Wrong indentation for ""Step"", expected indentation level of 2, but got 4\nlinha 39: Wrong indentation for ""Step"", expected indentation level of 2, but got 4\nlinha 39: Step name is too long. Length of 78 is longer than the maximum allowed: 70",32,ledgersmb_LedgerSMB\chart-of-accounts_story_processado.txt,ledgersmb_LedgerSMB\chart-of-accounts_story_processado_relatorio.txt
ledgersmb_LedgerSMB\in-arrears-purchase_story_processado,ledgersmb_LedgerSMB,0,1,-,"linha 4: Wrong indentation for ""Step"", expected indentation level of 2, but got 4\nlinha 5: Wrong indentation for ""Step"", expected indentation level of 2, but got 4\nlinha 6: Wrong indentation for ""Step"", expected indentation level of 2, but got 4\nlinha 7: Wrong indentation for ""Step"", expected indentation level of 2, but got 4\nlinha 8: Wrong indentation for ""Step"", expected indentation level of 2, but got 4\nlinha 11: Wrong indentation for ""Step"", expected indentation level of 2, but got 4\nlinha 12: Wrong indentation for ""Step"", expected indentation level of 2, but got 4\nlinha 13: Wrong indentation for ""Step"", expected indentation level of 2, but got 4\nlinha 14: Wrong indentation for ""Step"", expected indentation level of 2, but got 4\nlinha 15: Wrong indentation for ""Step"", expected indentation level of 2, but got 4\nlinha 18: Wrong indentation for ""Step"", expected indentation level of 2, but got 4\nlinha 19: Wrong indentation for ""Step"", expected indentation level of 2, but got 4\nlinha 20: Wrong indentation for ""Step"", expected indentation level of 2, but got 4\nlinha 21: Wrong indentation for ""Step"", expected indentation level of 2, but got 4\nlinha 22: Wrong indentation for ""Step"", expected indentation level of 2, but got 4\nlinha 25: Wrong indentation for ""Step"", expected indentation level of 2, but got 4\nlinha 26: Wrong indentation for ""Step"", expected indentation level of 2, but got 4\nlinha 27: Wrong indentation for ""Step"", expected indentation level of 2, but got 4\nlinha 28: Wrong indentation for ""Step"", expected indentation level of 2, but got 4\nlinha 31: Wrong indentation for ""Step"", expected indentation level of 2, but got 4\nlinha 32: Wrong indentation for ""Step"", expected indentation level of 2, but got 4\nlinha 33: Wrong indentation for ""Step"", expected indentation level of 2, but got 4\nlinha 34: Wrong indentation for ""Step"", expected indentation level of 2, but got 4\nlinha 35: Wrong indentation for ""Step"", expected indentation level of 2, but got 4",24,ledgersmb_LedgerSMB\in-arrears-purchase_story_processado.txt,ledgersmb_LedgerSMB\in-arrears-purchase_story_processado_relatorio.txt
ledgersmb_LedgerSMB\login_story_processado,ledgersmb_LedgerSMB,0,1,-,"linha 4: Wrong indentation for ""Step"", expected indentation level of 2, but got 4\nlinha 4: Step name is too long. Length of 75 is longer than the maximum allowed: 70\nlinha 5: Wrong indentation for ""Step"", expected indentation level of 2, but got 4\nlinha 6: Wrong indentation for ""Step"", expected indentation level of 2, but got 4\nlinha 7: Wrong indentation for ""Step"", expected indentation level of 2, but got 4\nlinha 8: Wrong indentation for ""Step"", expected indentation level of 2, but got 4\nlinha 11: Wrong indentation for ""Step"", expected indentation level of 2, but got 4\nlinha 12: Wrong indentation for ""Step"", expected indentation level of 2, but got 4\nlinha 13: Wrong indentation for ""Step"", expected indentation level of 2, but got 4\nlinha 14: Wrong indentation for ""Step"", expected indentation level of 2, but got 4\nlinha 15: Wrong indentation for ""Step"", expected indentation level of 2, but got 4\nlinha 18: Wrong indentation for ""Step"", expected indentation level of 2, but got 4\nlinha 19: Wrong indentation for ""Step"", expected indentation level of 2, but got 4\nlinha 20: Wrong indentation for ""Step"", expected indentation level of 2, but got 4\nlinha 21: Wrong indentation for ""Step"", expected indentation level of 2, but got 4\nlinha 22: Wrong indentation for ""Step"", expected indentation level of 2, but got 4\nlinha 22: Step name is too long. Length of 72 is longer than the maximum allowed: 70\nlinha 25: Wrong indentation for ""Step"", expected indentation level of 2, but got 4\nlinha 26: Wrong indentation for ""Step"", expected indentation level of 2, but got 4\nlinha 27: Wrong indentation for ""Step"", expected indentation level of 2, but got 4\nlinha 28: Wrong indentation for ""Step"", expected indentation level of 2, but got 4\nlinha 31: Wrong indentation for ""Step"", expected indentation level of 2, but got 4\nlinha 32: Wrong indentation for ""Step"", expected indentation level of 2, but got 4\nlinha 33: Wrong indentation for ""Step"", expected indentation level of 2, but got 4\nlinha 34: Wrong indentation for ""Step"", expected indentation level of 2, but got 4",25,ledgersmb_LedgerSMB\login_story_processado.txt,ledgersmb_LedgerSMB\login_story_processado_relatorio.txt
ledgersmb_LedgerSMB\search-batches_story_processado,ledgersmb_LedgerSMB,0,1,-,"linha 4: Wrong indentation for ""Step"", expected indentation level of 2, but got 4\nlinha 5: Wrong indentation for ""Step"", expected indentation level of 2, but got 4\nlinha 6: Wrong indentation for ""Step"", expected indentation level of 2, but got 4\nlinha 6: Step name is too long. Length of 75 is longer than the maximum allowed: 70\nlinha 7: Wrong indentation for ""Step"", expected indentation level of 2, but got 4\nlinha 10: Wrong indentation for ""Step"", expected indentation level of 2, but got 4\nlinha 11: Wrong indentation for ""Step"", expected indentation level of 2, but got 4\nlinha 12: Wrong indentation for ""Step"", expected indentation level of 2, but got 4\nlinha 12: Step name is too long. Length of 89 is longer than the maximum allowed: 70\nlinha 13: Wrong indentation for ""Step"", expected indentation level of 2, but got 4\nlinha 16: Wrong indentation for ""Step"", expected indentation level of 2, but got 4\nlinha 17: Wrong indentation for ""Step"", expected indentation level of 2, but got 4\nlinha 18: Wrong indentation for ""Step"", expected indentation level of 2, but got 4\nlinha 18: Step name is too long. Length of 77 is longer than the maximum allowed: 70\nlinha 19: Wrong indentation for ""Step"", expected indentation level of 2, but got 4\nlinha 22: Wrong indentation for ""Step"", expected indentation level of 2, but got 4\nlinha 22: Step name is too long. Length of 89 is longer than the maximum allowed: 70\nlinha 23: Wrong indentation for ""Step"", expected indentation level of 2, but got 4\nlinha 23: Step name is too long. Length of 98 is longer than the maximum allowed: 70\nlinha 24: Wrong indentation for ""Step"", expected indentation level of 2, but got 4\nlinha 24: Step name is too long. Length of 106 is longer than the maximum allowed: 70\nlinha 25: Wrong indentation for ""Step"", expected indentation level of 2, but got 4\nlinha 28: Wrong indentation for ""Step"", expected indentation level of 2, but got 4\nlinha 29: Wrong indentation for ""Step"", expected indentation level of 2, but got 4\nlinha 29: Step name is too long. Length of 74 is longer than the maximum allowed: 70\nlinha 30: Wrong indentation for ""Step"", expected indentation level of 2, but got 4\nlinha 31: Wrong indentation for ""Step"", expected indentation level of 2, but got 4",27,ledgersmb_LedgerSMB\search-batches_story_processado.txt,ledgersmb_LedgerSMB\search-batches_story_processado_relatorio.txt
noosfero_noosfero\edit_block_of_links_story_processado,noosfero_noosfero,0,1,-,"linha 4: Wrong indentation for ""Step"", expected indentation level of 2, but got 4\nlinha 5: Wrong indentation for ""Step"", expected indentation level of 2, but got 4\nlinha 6: Wrong indentation for ""Step"", expected indentation level of 2, but got 4\nlinha 7: Wrong indentation for ""Step"", expected indentation level of 2, but got 4\nlinha 8: Wrong indentation for ""Step"", expected indentation level of 2, but got 4\nlinha 9: Wrong indentation for ""Step"", expected indentation level of 2, but got 4\nlinha 12: Wrong indentation for ""Step"", expected indentation level of 2, but got 4\nlinha 13: Wrong indentation for ""Step"", expected indentation level of 2, but got 4\nlinha 14: Wrong indentation for ""Step"", expected indentation level of 2, but got 4\nlinha 15: Wrong indentation for ""Step"", expected indentation level of 2, but got 4\nlinha 16: Wrong indentation for ""Step"", expected indentation level of 2, but got 4\nlinha 19: Wrong indentation for ""Step"", expected indentation level of 2, but got 4\nlinha 20: Wrong indentation for ""Step"", expected indentation level of 2, but got 4\nlinha 21: Wrong indentation for ""Step"", expected indentation level of 2, but got 4\nlinha 22: Wrong indentation for ""Step"", expected indentation level of 2, but got 4\nlinha 23: Wrong indentation for ""Step"", expected indentation level of 2, but got 4\nlinha 26: Wrong indentation for ""Step"", expected indentation level of 2, but got 4\nlinha 27: Wrong indentation for ""Step"", expected indentation level of 2, but got 4\nlinha 28: Wrong indentation for ""Step"", expected indentation level of 2, but got 4\nlinha 29: Wrong indentation for ""Step"", expected indentation level of 2, but got 4\nlinha 30: Wrong indentation for ""Step"", expected indentation level of 2, but got 4\nlinha 33: Wrong indentation for ""Step"", expected indentation level of 2, but got 4\nlinha 34: Wrong indentation for ""Step"", expected indentation level of 2, but got 4\nlinha 35: Wrong indentation for ""Step"", expected indentation level of 2, but got 4\nlinha 36: Wrong indentation for ""Step"", expected indentation level of 2, but got 4\nlinha 37: Wrong indentation for ""Step"", expected indentation level of 2, but got 4\nlinha 38: Wrong indentation for ""Step"", expected indentation level of 2, but got 4",27,noosfero_noosfero\edit_block_of_links_story_processado.txt,noosfero_noosfero\edit_block_of_links_story_processado_relatorio.txt
noosfero_noosfero\forum_story_processado,noosfero_noosfero,0,1,-,"linha 4: Wrong indentation for ""Step"", expected indentation level of 2, but got 4\nlinha 5: Wrong indentation for ""Step"", expected indentation level of 2, but got 4\nlinha 6: Wrong indentation for ""Step"", expected indentation level of 2, but got 4\nlinha 7: Wrong indentation for ""Step"", expected indentation level of 2, but got 4\nlinha 10: Wrong indentation for ""Step"", expected indentation level of 2, but got 4\nlinha 11: Wrong indentation for ""Step"", expected indentation level of 2, but got 4\nlinha 12: Wrong indentation for ""Step"", expected indentation level of 2, but got 4\nlinha 13: Wrong indentation for ""Step"", expected indentation level of 2, but got 4\nlinha 16: Wrong indentation for ""Step"", expected indentation level of 2, but got 4\nlinha 17: Wrong indentation for ""Step"", expected indentation level of 2, but got 4\nlinha 18: Wrong indentation for ""Step"", expected indentation level of 2, but got 4\nlinha 19: Wrong indentation for ""Step"", expected indentation level of 2, but got 4\nlinha 22: Wrong indentation for ""Step"", expected indentation level of 2, but got 4\nlinha 23: Wrong indentation for ""Step"", expected indentation level of 2, but got 4\nlinha 24: Wrong indentation for ""Step"", expected indentation level of 2, but got 4\nlinha 25: Wrong indentation for ""Step"", expected indentation level of 2, but got 4\nlinha 28: Wrong indentation for ""Step"", expected indentation level of 2, but got 4\nlinha 28: Step name is too long. Length of 78 is longer than the maximum allowed: 70\nlinha 29: Wrong indentation for ""Step"", expected indentation level of 2, but got 4\nlinha 30: Wrong indentation for ""Step"", expected indentation level of 2, but got 4\nlinha 31: Wrong indentation for ""Step"", expected indentation level of 2, but got 4",21,noosfero_noosfero\forum_story_processado.txt,noosfero_noosfero\forum_story_processado_relatorio.txt
noosfero_noosfero\manage_enterprises_story_processado,noosfero_noosfero,0,1,-,"linha 4: Wrong indentation for ""Step"", expected indentation level of 2, but got 4\nlinha 5: Wrong indentation for ""Step"", expected indentation level of 2, but got 4\nlinha 6: Wrong indentation for ""Step"", expected indentation level of 2, but got 4\nlinha 7: Wrong indentation for ""Step"", expected indentation level of 2, but got 4\nlinha 10: Wrong indentation for ""Step"", expected indentation level of 2, but got 4\nlinha 11: Wrong indentation for ""Step"", expected indentation level of 2, but got 4\nlinha 12: Wrong indentation for ""Step"", expected indentation level of 2, but got 4\nlinha 13: Wrong indentation for ""Step"", expected indentation level of 2, but got 4\nlinha 14: Wrong indentation for ""Step"", expected indentation level of 2, but got 4\nlinha 17: Wrong indentation for ""Step"", expected indentation level of 2, but got 4\nlinha 18: Wrong indentation for ""Step"", expected indentation level of 2, but got 4\nlinha 19: Wrong indentation for ""Step"", expected indentation level of 2, but got 4\nlinha 20: Wrong indentation for ""Step"", expected indentation level of 2, but got 4\nlinha 23: Wrong indentation for ""Step"", expected indentation level of 2, but got 4\nlinha 24: Wrong indentation for ""Step"", expected indentation level of 2, but got 4\nlinha 25: Wrong indentation for ""Step"", expected indentation level of 2, but got 4\nlinha 26: Wrong indentation for ""Step"", expected indentation level of 2, but got 4\nlinha 29: Wrong indentation for ""Step"", expected indentation level of 2, but got 4\nlinha 30: Wrong indentation for ""Step"", expected indentation level of 2, but got 4\nlinha 31: Wrong indentation for ""Step"", expected indentation level of 2, but got 4\nlinha 32: Wrong indentation for ""Step"", expected indentation level of 2, but got 4\nlinha 33: Wrong indentation for ""Step"", expected indentation level of 2, but got 4",22,noosfero_noosfero\manage_enterprises_story_processado.txt,noosfero_noosfero\manage_enterprises_story_processado_relatorio.txt
noosfero_noosfero\status_story_processado,noosfero_noosfero,0,1,-,"linha 4: Wrong indentation for ""Step"", expected indentation level of 2, but got 4\nlinha 5: Wrong indentation for ""Step"", expected indentation level of 2, but got 4\nlinha 6: Wrong indentation for ""Step"", expected indentation level of 2, but got 4\nlinha 7: Wrong indentation for ""Step"", expected indentation level of 2, but got 4\nlinha 8: Wrong indentation for ""Step"", expected indentation level of 2, but got 4\nlinha 11: Wrong indentation for ""Step"", expected indentation level of 2, but got 4\nlinha 12: Wrong indentation for ""Step"", expected indentation level of 2, but got 4\nlinha 13: Wrong indentation for ""Step"", expected indentation level of 2, but got 4\nlinha 14: Wrong indentation for ""Step"", expected indentation level of 2, but got 4\nlinha 15: Wrong indentation for ""Step"", expected indentation level of 2, but got 4\nlinha 15: Step name is too long. Length of 86 is longer than the maximum allowed: 70\nlinha 18: Wrong indentation for ""Step"", expected indentation level of 2, but got 4\nlinha 19: Wrong indentation for ""Step"", expected indentation level of 2, but got 4\nlinha 20: Wrong indentation for ""Step"", expected indentation level of 2, but got 4\nlinha 21: Wrong indentation for ""Step"", expected indentation level of 2, but got 4\nlinha 22: Wrong indentation for ""Step"", expected indentation level of 2, but got 4\nlinha 25: Wrong indentation for ""Step"", expected indentation level of 2, but got 4\nlinha 26: Wrong indentation for ""Step"", expected indentation level of 2, but got 4\nlinha 27: Wrong indentation for ""Step"", expected indentation level of 2, but got 4\nlinha 28: Wrong indentation for ""Step"", expected indentation level of 2, but got 4\nlinha 29: Wrong indentation for ""Step"", expected indentation level of 2, but got 4\nlinha 29: Step name is too long. Length of 74 is longer than the maximum allowed: 70\nlinha 32: Wrong indentation for ""Step"", expected indentation level of 2, but got 4\nlinha 33: Wrong indentation for ""Step"", expected indentation level of 2, but got 4\nlinha 34: Wrong indentation for ""Step"", expected indentation level of 2, but got 4\nlinha 35: Wrong indentation for ""Step"", expected indentation level of 2, but got 4\nlinha 35: Step name is too long. Length of 73 is longer than the maximum allowed: 70\nlinha 36: Wrong indentation for ""Step"", expected indentation level of 2, but got 4",28,noosfero_noosfero\status_story_processado.txt,noosfero_noosfero\status_story_processado_relatorio.txt
parti-renaissance_espace-adherent\agoras_story_processado,parti-renaissance_espace-adherent,0,1,-,"linha 4: Wrong indentation for ""Step"", expected indentation level of 2, but got 4\nlinha 5: Wrong indentation for ""Step"", expected indentation level of 2, but got 4\nlinha 6: Wrong indentation for ""Step"", expected indentation level of 2, but got 4\nlinha 7: Wrong indentation for ""Step"", expected indentation level of 2, but got 4\nlinha 10: Wrong indentation for ""Step"", expected indentation level of 2, but got 4\nlinha 11: Wrong indentation for ""Step"", expected indentation level of 2, but got 4\nlinha 12: Wrong indentation for ""Step"", expected indentation level of 2, but got 4\nlinha 13: Wrong indentation for ""Step"", expected indentation level of 2, but got 4\nlinha 14: Wrong indentation for ""Step"", expected indentation level of 2, but got 4\nlinha 17: Wrong indentation for ""Step"", expected indentation level of 2, but got 4\nlinha 18: Wrong indentation for ""Step"", expected indentation level of 2, but got 4\nlinha 19: Wrong indentation for ""Step"", expected indentation level of 2, but got 4\nlinha 20: Wrong indentation for ""Step"", expected indentation level of 2, but got 4\nlinha 21: Wrong indentation for ""Step"", expected indentation level of 2, but got 4\nlinha 24: Wrong indentation for ""Step"", expected indentation level of 2, but got 4\nlinha 25: Wrong indentation for ""Step"", expected indentation level of 2, but got 4\nlinha 26: Wrong indentation for ""Step"", expected indentation level of 2, but got 4\nlinha 27: Wrong indentation for ""Step"", expected indentation level of 2, but got 4\nlinha 28: Wrong indentation for ""Step"", expected indentation level of 2, but got 4\nlinha 31: Wrong indentation for ""Step"", expected indentation level of 2, but got 4\nlinha 32: Wrong indentation for ""Step"", expected indentation level of 2, but got 4\nlinha 33: Wrong indentation for ""Step"", expected indentation level of 2, but got 4\nlinha 34: Wrong indentation for ""Step"", expected indentation level of 2, but got 4\nlinha 35: Wrong indentation for ""Step"", expected indentation level of 2, but got 4\nlinha 36: Wrong indentation for ""Step"", expected indentation level of 2, but got 4",25,parti-renaissance_espace-adherent\agoras_story_processado.txt,parti-renaissance_espace-adherent\agoras_story_processado_relatorio.txt
parti-renaissance_espace-adherent\scopes_story_processado,parti-renaissance_espace-adherent,0,1,-,"linha 4: Wrong indentation for ""Step"", expected indentation level of 2, but got 4\nlinha 5: Wrong indentation for ""Step"", expected indentation level of 2, but got 4\nlinha 6: Wrong indentation for ""Step"", expected indentation level of 2, but got 4\nlinha 7: Wrong indentation for ""Step"", expected indentation level of 2, but got 4\nlinha 10: Wrong indentation for ""Step"", expected indentation level of 2, but got 4\nlinha 11: Wrong indentation for ""Step"", expected indentation level of 2, but got 4\nlinha 12: Wrong indentation for ""Step"", expected indentation level of 2, but got 4\nlinha 13: Wrong indentation for ""Step"", expected indentation level of 2, but got 4\nlinha 16: Wrong indentation for ""Step"", expected indentation level of 2, but got 4\nlinha 17: Wrong indentation for ""Step"", expected indentation level of 2, but got 4\nlinha 18: Wrong indentation for ""Step"", expected indentation level of 2, but got 4\nlinha 19: Wrong indentation for ""Step"", expected indentation level of 2, but got 4\nlinha 22: Wrong indentation for ""Step"", expected indentation level of 2, but got 4\nlinha 22: Step name is too long. Length of 77 is longer than the maximum allowed: 70\nlinha 23: Wrong indentation for ""Step"", expected indentation level of 2, but got 4\nlinha 24: Wrong indentation for ""Step"", expected indentation level of 2, but got 4\nlinha 25: Wrong indentation for ""Step"", expected indentation level of 2, but got 4\nlinha 28: Wrong indentation for ""Step"", expected indentation level of 2, but got 4\nlinha 28: Step name is too long. Length of 81 is longer than the maximum allowed: 70\nlinha 29: Wrong indentation for ""Step"", expected indentation level of 2, but got 4\nlinha 30: Wrong indentation for ""Step"", expected indentation level of 2, but got 4\nlinha 31: Wrong indentation for ""Step"", expected indentation level of 2, but got 4",22,parti-renaissance_espace-adherent\scopes_story_processado.txt,parti-renaissance_espace-adherent\scopes_story_processado_relatorio.txt
parti-renaissance_espace-adherent\user_controller_donation_story_processado,parti-renaissance_espace-adherent,0,1,-,"linha 4: Wrong indentation for ""Step"", expected indentation level of 2, but got 4\nlinha 5: Wrong indentation for ""Step"", expected indentation level of 2, but got 4\nlinha 6: Wrong indentation for ""Step"", expected indentation level of 2, but got 4\nlinha 7: Wrong indentation for ""Step"", expected indentation level of 2, but got 4\nlinha 10: Wrong indentation for ""Step"", expected indentation level of 2, but got 4\nlinha 11: Wrong indentation for ""Step"", expected indentation level of 2, but got 4\nlinha 12: Wrong indentation for ""Step"", expected indentation level of 2, but got 4\nlinha 13: Wrong indentation for ""Step"", expected indentation level of 2, but got 4\nlinha 16: Wrong indentation for ""Step"", expected indentation level of 2, but got 4\nlinha 17: Wrong indentation for ""Step"", expected indentation level of 2, but got 4\nlinha 18: Wrong indentation for ""Step"", expected indentation level of 2, but got 4\nlinha 21: Wrong indentation for ""Step"", expected indentation level of 2, but got 4\nlinha 22: Wrong indentation for ""Step"", expected indentation level of 2, but got 4\nlinha 23: Wrong indentation for ""Step"", expected indentation level of 2, but got 4\nlinha 24: Wrong indentation for ""Step"", expected indentation level of 2, but got 4\nlinha 27: Wrong indentation for ""Step"", expected indentation level of 2, but got 4\nlinha 27: Step name is too long. Length of 77 is longer than the maximum allowed: 70\nlinha 28: Wrong indentation for ""Step"", expected indentation level of 2, but got 4\nlinha 29: Wrong indentation for ""Step"", expected indentation level of 2, but got 4\nlinha 30: Wrong indentation for ""Step"", expected indentation level of 2, but got 4",20,parti-renaissance_espace-adherent\user_controller_donation_story_processado.txt,parti-renaissance_espace-adherent\user_controller_donation_story_processado_relatorio.txt
parti-renaissance_espace-adherent\zones_story_processado,parti-renaissance_espace-adherent,0,1,-,"linha 4: Wrong indentation for ""Step"", expected indentation level of 2, but got 4\nlinha 5: Wrong indentation for ""Step"", expected indentation level of 2, but got 4\nlinha 6: Wrong indentation for ""Step"", expected indentation level of 2, but got 4\nlinha 7: Wrong indentation for ""Step"", expected indentation level of 2, but got 4\nlinha 10: Wrong indentation for ""Step"", expected indentation level of 2, but got 4\nlinha 11: Wrong indentation for ""Step"", expected indentation level of 2, but got 4\nlinha 12: Wrong indentation for ""Step"", expected indentation level of 2, but got 4\nlinha 13: Wrong indentation for ""Step"", expected indentation level of 2, but got 4\nlinha 16: Wrong indentation for ""Step"", expected indentation level of 2, but got 4\nlinha 17: Wrong indentation for ""Step"", expected indentation level of 2, but got 4\nlinha 18: Wrong indentation for ""Step"", expected indentation level of 2, but got 4\nlinha 19: Wrong indentation for ""Step"", expected indentation level of 2, but got 4\nlinha 22: Wrong indentation for ""Step"", expected indentation level of 2, but got 4\nlinha 23: Wrong indentation for ""Step"", expected indentation level of 2, but got 4\nlinha 24: Wrong indentation for ""Step"", expected indentation level of 2, but got 4\nlinha 24: Step name is too long. Length of 82 is longer than the maximum allowed: 70\nlinha 25: Wrong indentation for ""Step"", expected indentation level of 2, but got 4\nlinha 25: Step name is too long. Length of 101 is longer than the maximum allowed: 70\nlinha 26: Wrong indentation for ""Step"", expected indentation level of 2, but got 4\nlinha 29: Wrong indentation for ""Step"", expected indentation level of 2, but got 4\nlinha 30: Wrong indentation for ""Step"", expected indentation level of 2, but got 4\nlinha 31: Wrong indentation for ""Step"", expected indentation level of 2, but got 4\nlinha 31: Step name is too long. Length of 82 is longer than the maximum allowed: 70\nlinha 32: Wrong indentation for ""Step"", expected indentation level of 2, but got 4\nlinha 32: Step name is too long. Length of 72 is longer than the maximum allowed: 70\nlinha 33: Wrong indentation for ""Step"", expected indentation level of 2, but got 4",26,parti-renaissance_espace-adherent\zones_story_processado.txt,parti-renaissance_espace-adherent\zones_story_processado_relatorio.txt
sharetribe_sharetribe\admin_edits_welcome_email_story_processado,sharetribe_sharetribe,0,1,-,"linha 4: Wrong indentation for ""Step"", expected indentation level of 2, but got 4\nlinha 5: Wrong indentation for ""Step"", expected indentation level of 2, but got 4\nlinha 6: Wrong indentation for ""Step"", expected indentation level of 2, but got 4\nlinha 6: Step name is too long. Length of 72 is longer than the maximum allowed: 70\nlinha 7: Wrong indentation for ""Step"", expected indentation level of 2, but got 4\nlinha 8: Wrong indentation for ""Step"", expected indentation level of 2, but got 4\nlinha 8: Step name is too long. Length of 75 is longer than the maximum allowed: 70\nlinha 9: Wrong indentation for ""Step"", expected indentation level of 2, but got 4\nlinha 12: Wrong indentation for ""Step"", expected indentation level of 2, but got 4\nlinha 13: Wrong indentation for ""Step"", expected indentation level of 2, but got 4\nlinha 14: Wrong indentation for ""Step"", expected indentation level of 2, but got 4\nlinha 15: Wrong indentation for ""Step"", expected indentation level of 2, but got 4\nlinha 15: Step name is too long. Length of 80 is longer than the maximum allowed: 70\nlinha 16: Wrong indentation for ""Step"", expected indentation level of 2, but got 4\nlinha 19: Wrong indentation for ""Step"", expected indentation level of 2, but got 4\nlinha 20: Wrong indentation for ""Step"", expected indentation level of 2, but got 4\nlinha 21: Wrong indentation for ""Step"", expected indentation level of 2, but got 4\nlinha 22: Wrong indentation for ""Step"", expected indentation level of 2, but got 4\nlinha 23: Wrong indentation for ""Step"", expected indentation level of 2, but got 4\nlinha 24: Wrong indentation for ""Step"", expected indentation level of 2, but got 4\nlinha 27: Wrong indentation for ""Step"", expected indentation level of 2, but got 4\nlinha 28: Wrong indentation for ""Step"", expected indentation level of 2, but got 4\nlinha 29: Wrong indentation for ""Step"", expected indentation level of 2, but got 4\nlinha 30: Wrong indentation for ""Step"", expected indentation level of 2, but got 4\nlinha 31: Wrong indentation for ""Step"", expected indentation level of 2, but got 4\nlinha 31: Step name is too long. Length of 72 is longer than the maximum allowed: 70\nlinha 32: Wrong indentation for ""Step"", expected indentation level of 2, but got 4\nlinha 35: Wrong indentation for ""Step"", expected indentation level of 2, but got 4\nlinha 36: Wrong indentation for ""Step"", expected indentation level of 2, but got 4\nlinha 37: Wrong indentation for ""Step"", expected indentation level of 2, but got 4\nlinha 37: Step name is too long. Length of 93 is longer than the maximum allowed: 70\nlinha 38: Wrong indentation for ""Step"", expected indentation level of 2, but got 4\nlinha 39: Wrong indentation for ""Step"", expected indentation level of 2, but got 4\nlinha 39: Step name is too long. Length of 73 is longer than the maximum allowed: 70\nlinha 40: Wrong indentation for ""Step"", expected indentation level of 2, but got 4",35,sharetribe_sharetribe\admin_edits_welcome_email_story_processado.txt,sharetribe_sharetribe\admin_edits_welcome_email_story_processado_relatorio.txt
sharetribe_sharetribe\search_story_processado,sharetribe_sharetribe,0,1,-,"linha 4: Wrong indentation for ""Step"", expected indentation level of 2, but got 4\nlinha 5: Wrong indentation for ""Step"", expected indentation level of 2, but got 4\nlinha 6: Wrong indentation for ""Step"", expected indentation level of 2, but got 4\nlinha 7: Wrong indentation for ""Step"", expected indentation level of 2, but got 4\nlinha 7: Step name is too long. Length of 97 is longer than the maximum allowed: 70\nlinha 10: Wrong indentation for ""Step"", expected indentation level of 2, but got 4\nlinha 10: Step name is too long. Length of 72 is longer than the maximum allowed: 70\nlinha 11: Wrong indentation for ""Step"", expected indentation level of 2, but got 4\nlinha 12: Wrong indentation for ""Step"", expected indentation level of 2, but got 4\nlinha 13: Wrong indentation for ""Step"", expected indentation level of 2, but got 4\nlinha 16: Wrong indentation for ""Step"", expected indentation level of 2, but got 4\nlinha 17: Wrong indentation for ""Step"", expected indentation level of 2, but got 4\nlinha 18: Wrong indentation for ""Step"", expected indentation level of 2, but got 4\nlinha 19: Wrong indentation for ""Step"", expected indentation level of 2, but got 4\nlinha 20: Wrong indentation for ""Step"", expected indentation level of 2, but got 4\nlinha 20: Step name is too long. Length of 86 is longer than the maximum allowed: 70\nlinha 23: Wrong indentation for ""Step"", expected indentation level of 2, but got 4\nlinha 24: Wrong indentation for ""Step"", expected indentation level of 2, but got 4\nlinha 25: Wrong indentation for ""Step"", expected indentation level of 2, but got 4\nlinha 26: Wrong indentation for ""Step"", expected indentation level of 2, but got 4\nlinha 27: Wrong indentation for ""Step"", expected indentation level of 2, but got 4\nlinha 27: Step name is too long. Length of 83 is longer than the maximum allowed: 70\nlinha 30: Wrong indentation for ""Step"", expected indentation level of 2, but got 4\nlinha 30: Step name is too long. Length of 79 is longer than the maximum allowed: 70\nlinha 31: Wrong indentation for ""Step"", expected indentation level of 2, but got 4\nlinha 32: Wrong indentation for ""Step"", expected indentation level of 2, but got 4\nlinha 33: Wrong indentation for ""Step"", expected indentation level of 2, but got 4\nlinha 34: Wrong indentation for ""Step"", expected indentation level of 2, but got 4\nlinha 35: Wrong indentation for ""Step"", expected indentation level of 2, but got 4\nlinha 35: Step name is too long. Length of 120 is longer than the maximum allowed: 70",30,sharetribe_sharetribe\search_story_processado.txt,sharetribe_sharetribe\search_story_processado_relatorio.txt
sharetribe_sharetribe\user_checks_inbox_story_processado,sharetribe_sharetribe,0,1,-,"linha 4: Wrong indentation for ""Step"", expected indentation level of 2, but got 4\nlinha 5: Wrong indentation for ""Step"", expected indentation level of 2, but got 4\nlinha 6: Wrong indentation for ""Step"", expected indentation level of 2, but got 4\nlinha 7: Wrong indentation for ""Step"", expected indentation level of 2, but got 4\nlinha 8: Wrong indentation for ""Step"", expected indentation level of 2, but got 4\nlinha 11: Wrong indentation for ""Step"", expected indentation level of 2, but got 4\nlinha 12: Wrong indentation for ""Step"", expected indentation level of 2, but got 4\nlinha 13: Wrong indentation for ""Step"", expected indentation level of 2, but got 4\nlinha 14: Wrong indentation for ""Step"", expected indentation level of 2, but got 4\nlinha 15: Wrong indentation for ""Step"", expected indentation level of 2, but got 4\nlinha 18: Wrong indentation for ""Step"", expected indentation level of 2, but got 4\nlinha 19: Wrong indentation for ""Step"", expected indentation level of 2, but got 4\nlinha 20: Wrong indentation for ""Step"", expected indentation level of 2, but got 4\nlinha 21: Wrong indentation for ""Step"", expected indentation level of 2, but got 4\nlinha 22: Wrong indentation for ""Step"", expected indentation level of 2, but got 4\nlinha 23: Wrong indentation for ""Step"", expected indentation level of 2, but got 4\nlinha 26: Wrong indentation for ""Step"", expected indentation level of 2, but got 4\nlinha 27: Wrong indentation for ""Step"", expected indentation level of 2, but got 4\nlinha 28: Wrong indentation for ""Step"", expected indentation level of 2, but got 4\nlinha 29: Wrong indentation for ""Step"", expected indentation level of 2, but got 4\nlinha 30: Wrong indentation for ""Step"", expected indentation level of 2, but got 4\nlinha 33: Wrong indentation for ""Step"", expected indentation level of 2, but got 4\nlinha 34: Wrong indentation for ""Step"", expected indentation level of 2, but got 4\nlinha 35: Wrong indentation for ""Step"", expected indentation level of 2, but got 4\nlinha 36: Wrong indentation for ""Step"", expected indentation level of 2, but got 4\nlinha 37: Wrong indentation for ""Step"", expected indentation level of 2, but got 4\nlinha 38: Wrong indentation for ""Step"", expected indentation level of 2, but got 4",27,sharetribe_sharetribe\user_checks_inbox_story_processado.txt,sharetribe_sharetribe\user_checks_inbox_story_processado_relatorio.txt
sharetribe_sharetribe\user_filters_listings_by_custom_fields_story_processado,sharetribe_sharetribe,0,1,-,"linha 1: Feature name is too long. Length of 55 is longer than the maximum allowed: 50\nlinha 4: Wrong indentation for ""Step"", expected indentation level of 2, but got 4\nlinha 4: Step name is too long. Length of 90 is longer than the maximum allowed: 70\nlinha 5: Wrong indentation for ""Step"", expected indentation level of 2, but got 4\nlinha 6: Wrong indentation for ""Step"", expected indentation level of 2, but got 4\nlinha 7: Wrong indentation for ""Step"", expected indentation level of 2, but got 4\nlinha 8: Wrong indentation for ""Step"", expected indentation level of 2, but got 4\nlinha 11: Wrong indentation for ""Step"", expected indentation level of 2, but got 4\nlinha 11: Step name is too long. Length of 134 is longer than the maximum allowed: 70\nlinha 12: Wrong indentation for ""Step"", expected indentation level of 2, but got 4\nlinha 13: Wrong indentation for ""Step"", expected indentation level of 2, but got 4\nlinha 14: Wrong indentation for ""Step"", expected indentation level of 2, but got 4\nlinha 15: Wrong indentation for ""Step"", expected indentation level of 2, but got 4\nlinha 15: Step name is too long. Length of 90 is longer than the maximum allowed: 70\nlinha 16: Wrong indentation for ""Step"", expected indentation level of 2, but got 4\nlinha 19: Wrong indentation for ""Step"", expected indentation level of 2, but got 4\nlinha 20: Wrong indentation for ""Step"", expected indentation level of 2, but got 4\nlinha 21: Wrong indentation for ""Step"", expected indentation level of 2, but got 4\nlinha 22: Wrong indentation for ""Step"", expected indentation level of 2, but got 4\nlinha 23: Wrong indentation for ""Step"", expected indentation level of 2, but got 4\nlinha 23: Step name is too long. Length of 90 is longer than the maximum allowed: 70\nlinha 24: Wrong indentation for ""Step"", expected indentation level of 2, but got 4\nlinha 27: Wrong indentation for ""Step"", expected indentation level of 2, but got 4\nlinha 28: Wrong indentation for ""Step"", expected indentation level of 2, but got 4\nlinha 29: Wrong indentation for ""Step"", expected indentation level of 2, but got 4\nlinha 30: Wrong indentation for ""Step"", expected indentation level of 2, but got 4\nlinha 31: Wrong indentation for ""Step"", expected indentation level of 2, but got 4\nlinha 34: Wrong indentation for ""Step"", expected indentation level of 2, but got 4\nlinha 34: Step name is too long. Length of 134 is longer than the maximum allowed: 70\nlinha 35: Wrong indentation for ""Step"", expected indentation level of 2, but got 4\nlinha 36: Wrong indentation for ""Step"", expected indentation level of 2, but got 4\nlinha 36: Step name is too long. Length of 95 is longer than the maximum allowed: 70\nlinha 37: Wrong indentation for ""Step"", expected indentation level of 2, but got 4\nlinha 38: Wrong indentation for ""Step"", expected indentation level of 2, but got 4\nlinha 39: Wrong indentation for ""Step"", expected indentation level of 2, but got 4",35,sharetribe_sharetribe\user_filters_listings_by_custom_fields_story_processado.txt,sharetribe_sharetribe\user_filters_listings_by_custom_fields_story_processado_relatorio.txt
uyuni-project_uyuni\min_bootstrap_negative_story_processado,uyuni-project_uyuni,0,1,-,"linha 4: Wrong indentation for ""Step"", expected indentation level of 2, but got 4\nlinha 5: Wrong indentation for ""Step"", expected indentation level of 2, but got 4\nlinha 6: Wrong indentation for ""Step"", expected indentation level of 2, but got 4\nlinha 6: Step name is too long. Length of 78 is longer than the maximum allowed: 70\nlinha 7: Wrong indentation for ""Step"", expected indentation level of 2, but got 4\nlinha 8: Wrong indentation for ""Step"", expected indentation level of 2, but got 4\nlinha 11: Wrong indentation for ""Step"", expected indentation level of 2, but got 4\nlinha 12: Wrong indentation for ""Step"", expected indentation level of 2, but got 4\nlinha 13: Wrong indentation for ""Step"", expected indentation level of 2, but got 4\nlinha 13: Step name is too long. Length of 78 is longer than the maximum allowed: 70\nlinha 14: Wrong indentation for ""Step"", expected indentation level of 2, but got 4\nlinha 15: Wrong indentation for ""Step"", expected indentation level of 2, but got 4\nlinha 18: Wrong indentation for ""Step"", expected indentation level of 2, but got 4\nlinha 19: Wrong indentation for ""Step"", expected indentation level of 2, but got 4\nlinha 19: Step name is too long. Length of 77 is longer than the maximum allowed: 70\nlinha 20: Wrong indentation for ""Step"", expected indentation level of 2, but got 4\nlinha 21: Wrong indentation for ""Step"", expected indentation level of 2, but got 4\nlinha 22: Wrong indentation for ""Step"", expected indentation level of 2, but got 4\nlinha 25: Wrong indentation for ""Step"", expected indentation level of 2, but got 4\nlinha 26: Wrong indentation for ""Step"", expected indentation level of 2, but got 4\nlinha 27: Wrong indentation for ""Step"", expected indentation level of 2, but got 4\nlinha 28: Wrong indentation for ""Step"", expected indentation level of 2, but got 4\nlinha 29: Wrong indentation for ""Step"", expected indentation level of 2, but got 4\nlinha 30: Wrong indentation for ""Step"", expected indentation level of 2, but got 4\nlinha 30: Step name is too long. Length of 71 is longer than the maximum allowed: 70\nlinha 33: Wrong indentation for ""Step"", expected indentation level of 2, but got 4\nlinha 34: Wrong indentation for ""Step"", expected indentation level of 2, but got 4\nlinha 35: Wrong indentation for ""Step"", expected indentation level of 2, but got 4\nlinha 35: Step name is too long. Length of 98 is longer than the maximum allowed: 70\nlinha 36: Wrong indentation for ""Step"", expected indentation level of 2, but got 4\nlinha 37: Wrong indentation for ""Step"", expected indentation level of 2, but got 4\nlinha 37: Step name is too long. Length of 93 is longer than the maximum allowed: 70",32,uyuni-project_uyuni\min_bootstrap_negative_story_processado.txt,uyuni-project_uyuni\min_bootstrap_negative_story_processado_relatorio.txt
uyuni-project_uyuni\min_config_state_channel_story_processado,uyuni-project_uyuni,0,1,-,"linha 4: Wrong indentation for ""Step"", expected indentation level of 2, but got 4\nlinha 5: Wrong indentation for ""Step"", expected indentation level of 2, but got 4\nlinha 6: Wrong indentation for ""Step"", expected indentation level of 2, but got 4\nlinha 7: Wrong indentation for ""Step"", expected indentation level of 2, but got 4\nlinha 7: Step name is too long. Length of 74 is longer than the maximum allowed: 70\nlinha 10: Wrong indentation for ""Step"", expected indentation level of 2, but got 4\nlinha 11: Wrong indentation for ""Step"", expected indentation level of 2, but got 4\nlinha 12: Wrong indentation for ""Step"", expected indentation level of 2, but got 4\nlinha 12: Step name is too long. Length of 82 is longer than the maximum allowed: 70\nlinha 13: Wrong indentation for ""Step"", expected indentation level of 2, but got 4\nlinha 13: Step name is too long. Length of 76 is longer than the maximum allowed: 70\nlinha 14: Wrong indentation for ""Step"", expected indentation level of 2, but got 4\nlinha 14: Step name is too long. Length of 78 is longer than the maximum allowed: 70\nlinha 17: Wrong indentation for ""Step"", expected indentation level of 2, but got 4\nlinha 17: Step name is too long. Length of 82 is longer than the maximum allowed: 70\nlinha 18: Wrong indentation for ""Step"", expected indentation level of 2, but got 4\nlinha 18: Step name is too long. Length of 97 is longer than the maximum allowed: 70\nlinha 19: Wrong indentation for ""Step"", expected indentation level of 2, but got 4\nlinha 19: Step name is too long. Length of 77 is longer than the maximum allowed: 70\nlinha 20: Wrong indentation for ""Step"", expected indentation level of 2, but got 4\nlinha 20: Step name is too long. Length of 74 is longer than the maximum allowed: 70\nlinha 21: Wrong indentation for ""Step"", expected indentation level of 2, but got 4\nlinha 21: Step name is too long. Length of 71 is longer than the maximum allowed: 70\nlinha 24: Wrong indentation for ""Step"", expected indentation level of 2, but got 4\nlinha 24: Step name is too long. Length of 78 is longer than the maximum allowed: 70\nlinha 25: Wrong indentation for ""Step"", expected indentation level of 2, but got 4\nlinha 25: Step name is too long. Length of 81 is longer than the maximum allowed: 70\nlinha 26: Wrong indentation for ""Step"", expected indentation level of 2, but got 4\nlinha 27: Wrong indentation for ""Step"", expected indentation level of 2, but got 4\nlinha 30: Wrong indentation for ""Step"", expected indentation level of 2, but got 4\nlinha 31: Wrong indentation for ""Step"", expected indentation level of 2, but got 4\nlinha 31: Step name is too long. Length of 97 is longer than the maximum allowed: 70\nlinha 32: Wrong indentation for ""Step"", expected indentation level of 2, but got 4\nlinha 32: Step name is too long. Length of 79 is longer than the maximum allowed: 70\nlinha 33: Wrong indentation for ""Step"", expected indentation level of 2, but got 4\nlinha 33: Step name is too long. Length of 86 is longer than the maximum allowed: 70\nlinha 34: Wrong indentation for ""Step"", expected indentation level of 2, but got 4\nlinha 34: Step name is too long. Length of 82 is longer than the maximum allowed: 70",38,uyuni-project_uyuni\min_config_state_channel_story_processado.txt,uyuni-project_uyuni\min_config_state_channel_story_processado_relatorio.txt
uyuni-project_uyuni\proxy_story_processado,uyuni-project_uyuni,0,1,-,"linha 4: Wrong indentation for ""Step"", expected indentation level of 2, but got 4\nlinha 5: Wrong indentation for ""Step"", expected indentation level of 2, but got 4\nlinha 6: Wrong indentation for ""Step"", expected indentation level of 2, but got 4\nlinha 7: Wrong indentation for ""Step"", expected indentation level of 2, but got 4\nlinha 8: Wrong indentation for ""Step"", expected indentation level of 2, but got 4\nlinha 11: Wrong indentation for ""Step"", expected indentation level of 2, but got 4\nlinha 12: Wrong indentation for ""Step"", expected indentation level of 2, but got 4\nlinha 13: Wrong indentation for ""Step"", expected indentation level of 2, but got 4\nlinha 13: Step name is too long. Length of 72 is longer than the maximum allowed: 70\nlinha 14: Wrong indentation for ""Step"", expected indentation level of 2, but got 4\nlinha 15: Wrong indentation for ""Step"", expected indentation level of 2, but got 4\nlinha 18: Wrong indentation for ""Step"", expected indentation level of 2, but got 4\nlinha 19: Wrong indentation for ""Step"", expected indentation level of 2, but got 4\nlinha 20: Wrong indentation for ""Step"", expected indentation level of 2, but got 4\nlinha 20: Step name is too long. Length of 73 is longer than the maximum allowed: 70\nlinha 21: Wrong indentation for ""Step"", expected indentation level of 2, but got 4\nlinha 22: Wrong indentation for ""Step"", expected indentation level of 2, but got 4\nlinha 22: Step name is too long. Length of 73 is longer than the maximum allowed: 70\nlinha 25: Wrong indentation for ""Step"", expected indentation level of 2, but got 4\nlinha 26: Wrong indentation for ""Step"", expected indentation level of 2, but got 4\nlinha 27: Wrong indentation for ""Step"", expected indentation level of 2, but got 4\nlinha 27: Step name is too long. Length of 80 is longer than the maximum allowed: 70\nlinha 28: Wrong indentation for ""Step"", expected indentation level of 2, but got 4\nlinha 29: Wrong indentation for ""Step"", expected indentation level of 2, but got 4\nlinha 32: Wrong indentation for ""Step"", expected indentation level of 2, but got 4\nlinha 33: Wrong indentation for ""Step"", expected indentation level of 2, but got 4\nlinha 34: Wrong indentation for ""Step"", expected indentation level of 2, but got 4\nlinha 35: Wrong indentation for ""Step"", expected indentation level of 2, but got 4\nlinha 36: Wrong indentation for ""Step"", expected indentation level of 2, but got 4",29,uyuni-project_uyuni\proxy_story_processado.txt,uyuni-project_uyuni\proxy_story_processado_relatorio.txt
uyuni-project_uyuni\srv_create_fake_repositories_story_processado,uyuni-project_uyuni,0,1,-,"linha 4: Wrong indentation for ""Step"", expected indentation level of 2, but got 4\nlinha 5: Wrong indentation for ""Step"", expected indentation level of 2, but got 4\nlinha 6: Wrong indentation for ""Step"", expected indentation level of 2, but got 4\nlinha 7: Wrong indentation for ""Step"", expected indentation level of 2, but got 4\nlinha 8: Wrong indentation for ""Step"", expected indentation level of 2, but got 4\nlinha 11: Wrong indentation for ""Step"", expected indentation level of 2, but got 4\nlinha 12: Wrong indentation for ""Step"", expected indentation level of 2, but got 4\nlinha 13: Wrong indentation for ""Step"", expected indentation level of 2, but got 4\nlinha 14: Wrong indentation for ""Step"", expected indentation level of 2, but got 4\nlinha 15: Wrong indentation for ""Step"", expected indentation level of 2, but got 4\nlinha 18: Wrong indentation for ""Step"", expected indentation level of 2, but got 4\nlinha 19: Wrong indentation for ""Step"", expected indentation level of 2, but got 4\nlinha 20: Wrong indentation for ""Step"", expected indentation level of 2, but got 4\nlinha 20: Step name is too long. Length of 92 is longer than the maximum allowed: 70\nlinha 21: Wrong indentation for ""Step"", expected indentation level of 2, but got 4\nlinha 22: Wrong indentation for ""Step"", expected indentation level of 2, but got 4\nlinha 25: Wrong indentation for ""Step"", expected indentation level of 2, but got 4\nlinha 26: Wrong indentation for ""Step"", expected indentation level of 2, but got 4\nlinha 27: Wrong indentation for ""Step"", expected indentation level of 2, but got 4\nlinha 28: Wrong indentation for ""Step"", expected indentation level of 2, but got 4\nlinha 29: Wrong indentation for ""Step"", expected indentation level of 2, but got 4\nlinha 32: Wrong indentation for ""Step"", expected indentation level of 2, but got 4\nlinha 33: Wrong indentation for ""Step"", expected indentation level of 2, but got 4\nlinha 34: Wrong indentation for ""Step"", expected indentation level of 2, but got 4\nlinha 35: Wrong indentation for ""Step"", expected indentation level of 2, but got 4\nlinha 36: Wrong indentation for ""Step"", expected indentation level of 2, but got 4",26,uyuni-project_uyuni\srv_create_fake_repositories_story_processado.txt,uyuni-project_uyuni\srv_create_fake_repositories_story_processado_relatorio.txt
vegaprotocol_vega\0026-AUCT-029_story_processado,vegaprotocol_vega,0,1,-,"linha 4: Wrong indentation for ""Step"", expected indentation level of 2, but got 4\nlinha 5: Wrong indentation for ""Step"", expected indentation level of 2, but got 4\nlinha 6: Wrong indentation for ""Step"", expected indentation level of 2, but got 4\nlinha 7: Wrong indentation for ""Step"", expected indentation level of 2, but got 4\nlinha 7: Step name is too long. Length of 82 is longer than the maximum allowed: 70\nlinha 8: Wrong indentation for ""Step"", expected indentation level of 2, but got 4\nlinha 8: Step ""When the network moves ahead ""2"" more blocks"" should not appear after step using keyword then\nlinha 9: Wrong indentation for ""Step"", expected indentation level of 2, but got 4\nlinha 9: Step name is too long. Length of 77 is longer than the maximum allowed: 70\nlinha 12: Wrong indentation for ""Step"", expected indentation level of 2, but got 4\nlinha 13: Wrong indentation for ""Step"", expected indentation level of 2, but got 4\nlinha 14: Wrong indentation for ""Step"", expected indentation level of 2, but got 4\nlinha 15: Wrong indentation for ""Step"", expected indentation level of 2, but got 4\nlinha 15: Step name is too long. Length of 82 is longer than the maximum allowed: 70\nlinha 16: Wrong indentation for ""Step"", expected indentation level of 2, but got 4\nlinha 16: Step ""When the network moves ahead ""2"" more blocks"" should not appear after step using keyword then\nlinha 17: Wrong indentation for ""Step"", expected indentation level of 2, but got 4\nlinha 17: Step name is too long. Length of 88 is longer than the maximum allowed: 70\nlinha 20: Wrong indentation for ""Step"", expected indentation level of 2, but got 4\nlinha 21: Wrong indentation for ""Step"", expected indentation level of 2, but got 4\nlinha 22: Wrong indentation for ""Step"", expected indentation level of 2, but got 4\nlinha 23: Wrong indentation for ""Step"", expected indentation level of 2, but got 4\nlinha 23: Step name is too long. Length of 82 is longer than the maximum allowed: 70\nlinha 24: Wrong indentation for ""Step"", expected indentation level of 2, but got 4\nlinha 24: Step ""When the network moves ahead ""2"" more blocks"" should not appear after step using keyword then\nlinha 25: Wrong indentation for ""Step"", expected indentation level of 2, but got 4\nlinha 25: Step name is too long. Length of 77 is longer than the maximum allowed: 70\nlinha 28: Wrong indentation for ""Step"", expected indentation level of 2, but got 4\nlinha 29: Wrong indentation for ""Step"", expected indentation level of 2, but got 4\nlinha 30: Wrong indentation for ""Step"", expected indentation level of 2, but got 4\nlinha 31: Wrong indentation for ""Step"", expected indentation level of 2, but got 4\nlinha 31: Step name is too long. Length of 82 is longer than the maximum allowed: 70\nlinha 34: Wrong indentation for ""Step"", expected indentation level of 2, but got 4\nlinha 35: Wrong indentation for ""Step"", expected indentation level of 2, but got 4\nlinha 36: Wrong indentation for ""Step"", expected indentation level of 2, but got 4\nlinha 37: Wrong indentation for ""Step"", expected indentation level of 2, but got 4\nlinha 37: Step name is too long. Length of 82 is longer than the maximum allowed: 70",37,vegaprotocol_vega\0026-AUCT-029_story_processado.txt,vegaprotocol_vega\0026-AUCT-029_story_processado_relatorio.txt
vegaprotocol_vega\0032-PRIM-025_story_processado,vegaprotocol_vega,0,1,-,"linha 4: Wrong indentation for ""Step"", expected indentation level of 2, but got 4\nlinha 5: Wrong indentation for ""Step"", expected indentation level of 2, but got 4\nlinha 6: Wrong indentation for ""Step"", expected indentation level of 2, but got 4\nlinha 6: Step name is too long. Length of 73 is longer than the maximum allowed: 70\nlinha 7: Wrong indentation for ""Step"", expected indentation level of 2, but got 4\nlinha 7: Step name is too long. Length of 85 is longer than the maximum allowed: 70\nlinha 8: Wrong indentation for ""Step"", expected indentation level of 2, but got 4\nlinha 11: Wrong indentation for ""Step"", expected indentation level of 2, but got 4\nlinha 12: Wrong indentation for ""Step"", expected indentation level of 2, but got 4\nlinha 13: Wrong indentation for ""Step"", expected indentation level of 2, but got 4\nlinha 13: Step name is too long. Length of 77 is longer than the maximum allowed: 70\nlinha 14: Wrong indentation for ""Step"", expected indentation level of 2, but got 4\nlinha 16: Scenario name is too long. Length of 82 is longer than the maximum allowed: 70\nlinha 17: Wrong indentation for ""Step"", expected indentation level of 2, but got 4\nlinha 17: Step name is too long. Length of 76 is longer than the maximum allowed: 70\nlinha 18: Wrong indentation for ""Step"", expected indentation level of 2, but got 4\nlinha 19: Wrong indentation for ""Step"", expected indentation level of 2, but got 4\nlinha 19: Step name is too long. Length of 77 is longer than the maximum allowed: 70\nlinha 20: Wrong indentation for ""Step"", expected indentation level of 2, but got 4\nlinha 21: Wrong indentation for ""Step"", expected indentation level of 2, but got 4\nlinha 24: Wrong indentation for ""Step"", expected indentation level of 2, but got 4\nlinha 25: Wrong indentation for ""Step"", expected indentation level of 2, but got 4\nlinha 26: Wrong indentation for ""Step"", expected indentation level of 2, but got 4\nlinha 26: Step name is too long. Length of 89 is longer than the maximum allowed: 70\nlinha 27: Wrong indentation for ""Step"", expected indentation level of 2, but got 4\nlinha 29: Scenario name is too long. Length of 75 is longer than the maximum allowed: 70\nlinha 30: Wrong indentation for ""Step"", expected indentation level of 2, but got 4\nlinha 31: Wrong indentation for ""Step"", expected indentation level of 2, but got 4\nlinha 32: Wrong indentation for ""Step"", expected indentation level of 2, but got 4\nlinha 32: Step name is too long. Length of 87 is longer than the maximum allowed: 70\nlinha 33: Wrong indentation for ""Step"", expected indentation level of 2, but got 4\nlinha 34: Wrong indentation for ""Step"", expected indentation level of 2, but got 4",32,vegaprotocol_vega\0032-PRIM-025_story_processado.txt,vegaprotocol_vega\0032-PRIM-025_story_processado_relatorio.txt
vegaprotocol_vega\0068-MATC-073_story_processado,vegaprotocol_vega,0,1,-,"linha 4: Wrong indentation for ""Step"", expected indentation level of 2, but got 4\nlinha 5: Wrong indentation for ""Step"", expected indentation level of 2, but got 4\nlinha 6: Wrong indentation for ""Step"", expected indentation level of 2, but got 4\nlinha 7: Wrong indentation for ""Step"", expected indentation level of 2, but got 4\nlinha 10: Wrong indentation for ""Step"", expected indentation level of 2, but got 4\nlinha 11: Wrong indentation for ""Step"", expected indentation level of 2, but got 4\nlinha 12: Wrong indentation for ""Step"", expected indentation level of 2, but got 4\nlinha 13: Wrong indentation for ""Step"", expected indentation level of 2, but got 4\nlinha 13: Step name is too long. Length of 79 is longer than the maximum allowed: 70\nlinha 16: Wrong indentation for ""Step"", expected indentation level of 2, but got 4\nlinha 17: Wrong indentation for ""Step"", expected indentation level of 2, but got 4\nlinha 18: Wrong indentation for ""Step"", expected indentation level of 2, but got 4\nlinha 19: Wrong indentation for ""Step"", expected indentation level of 2, but got 4\nlinha 22: Wrong indentation for ""Step"", expected indentation level of 2, but got 4\nlinha 23: Wrong indentation for ""Step"", expected indentation level of 2, but got 4\nlinha 24: Wrong indentation for ""Step"", expected indentation level of 2, but got 4\nlinha 25: Wrong indentation for ""Step"", expected indentation level of 2, but got 4\nlinha 28: Wrong indentation for ""Step"", expected indentation level of 2, but got 4\nlinha 29: Wrong indentation for ""Step"", expected indentation level of 2, but got 4\nlinha 30: Wrong indentation for ""Step"", expected indentation level of 2, but got 4\nlinha 31: Wrong indentation for ""Step"", expected indentation level of 2, but got 4",21,vegaprotocol_vega\0068-MATC-073_story_processado.txt,vegaprotocol_vega\0068-MATC-073_story_processado_relatorio.txt
vegaprotocol_vega\trading_fees_spot_story_processado,vegaprotocol_vega,0,1,-,"linha 4: Wrong indentation for ""Step"", expected indentation level of 2, but got 4\nlinha 5: Wrong indentation for ""Step"", expected indentation level of 2, but got 4\nlinha 6: Wrong indentation for ""Step"", expected indentation level of 2, but got 4\nlinha 7: Wrong indentation for ""Step"", expected indentation level of 2, but got 4\nlinha 10: Wrong indentation for ""Step"", expected indentation level of 2, but got 4\nlinha 11: Wrong indentation for ""Step"", expected indentation level of 2, but got 4\nlinha 12: Wrong indentation for ""Step"", expected indentation level of 2, but got 4\nlinha 13: Wrong indentation for ""Step"", expected indentation level of 2, but got 4\nlinha 16: Wrong indentation for ""Step"", expected indentation level of 2, but got 4\nlinha 17: Wrong indentation for ""Step"", expected indentation level of 2, but got 4\nlinha 18: Wrong indentation for ""Step"", expected indentation level of 2, but got 4\nlinha 19: Wrong indentation for ""Step"", expected indentation level of 2, but got 4\nlinha 20: Wrong indentation for ""Step"", expected indentation level of 2, but got 4\nlinha 23: Wrong indentation for ""Step"", expected indentation level of 2, but got 4\nlinha 24: Wrong indentation for ""Step"", expected indentation level of 2, but got 4\nlinha 25: Wrong indentation for ""Step"", expected indentation level of 2, but got 4\nlinha 26: Wrong indentation for ""Step"", expected indentation level of 2, but got 4\nlinha 27: Wrong indentation for ""Step"", expected indentation level of 2, but got 4\nlinha 30: Wrong indentation for ""Step"", expected indentation level of 2, but got 4\nlinha 31: Wrong indentation for ""Step"", expected indentation level of 2, but got 4\nlinha 32: Wrong indentation for ""Step"", expected indentation level of 2, but got 4\nlinha 33: Wrong indentation for ""Step"", expected indentation level of 2, but got 4\nlinha 34: Wrong indentation for ""Step"", expected indentation level of 2, but got 4",23,vegaprotocol_vega\trading_fees_spot_story_processado.txt,vegaprotocol_vega\trading_fees_spot_story_processado_relatorio.txt
,,,,,,,,
,,,,,"27,5","27,68269231","5,438561387",