repositorio,arquivo,US ,Descrição,Descrição em inglês
3scale_porta ,activation_story.txt,In order to allow only users with valid emails to sign in They have to activate themselves first,"O sistema de gerenciamento de APIs Red Hat 3scale (Porta), responsável por  fornecer um portal de administração para provedores de API,  deve permitir que usuários cadastrados acessem sua conta apenas após ativarem o token enviado por e-mail. Somente após essa confirmação eles poderão realizar login e visualizar suas integrações com provedores.","The Red Hat 3scale API Management system (Porta), responsible for providing an administration portal for API providers, must ensure that registered users can only access their account after activating the token sent via email. Only after this confirmation will they be able to log in and view their integrations with API providers."
3scale_porta,cinstances_story.txt,In order to manage my clients As a provider I want to see and edit details about them,"O sistema de gerenciamento de APIs Red Hat 3scale (Porta), responsável por fornecer um portal de administração para provedores de API, deve permitir ao usuário prestador de serviços ver e editar informações de seus clientes, incluindo informações de pagamento quando aplicável. Ao acessar o perfil de um cliente, os detalhes do cartão de crédito devem ser exibidos apenas se o provedor estiver usando o modelo de cobrança informacional. Nos modelos pré-pago ou pós-pago, essas informações não devem aparecer.","The Red Hat 3scale API Management system (Porta), responsible for providing an administration portal for API providers, must allow the service provider user to view and edit their customers' information, including payment details when applicable.  When accessing a customer's profile, credit card details should only be displayed if the provider is using the informational billing model. In pre-paid or post-paid models, this information should not be displayed."
3scale_porta,index_13_story.txt,"As a provider, I want to see a list of my customers' service subscriptions that is searchable and filterable","O sistema de gerenciamento de APIs Red Hat 3scale (Porta), responsável por  fornecer um portal de administração para provedores de API,  deve oferecer ao provedor uma lista de assinaturas de serviços dos seus clientes, permitindo visualizar, buscar, filtrar e ordenar essas assinaturas. A página deve exibir o estado, plano, tipo de cobrança, valor, serviço e demais informações relevantes de cada assinatura, além de suportar filtros por conta, serviço, plano, estado e tipo de pagamento. Quando não houver resultados, o sistema deve mostrar estados vazios apropriados.","The Red Hat 3scale API Management system (Porta), responsible for providing an administration portal for API providers, must offer providers a list of their customers' service subscriptions, allowing them to view, search, filter, and sort these subscriptions. The page should display the status, plan, billing type, value, service, and other relevant information for each subscription, and must support filters by account, service, plan, status, and payment type. When there are no results, the system must display appropriate empty states."
3scale_porta,update_story.txt,As a provider user I'd like to update the notification preferences page correctly,"O sistema de gerenciamento de APIs Red Hat 3scale (Porta), responsável por  fornecer um portal de administração para provedores de API, deve permitir que o usuário provedor visualize e atualize suas preferências de notificação, ativando ou desativando os tipos de alerta disponíveis. A página deve refletir corretamente as seleções feitas, garantindo que somente as notificações marcadas sejam registradas e exibindo uma confirmação de sucesso após a atualização.","The Red Hat 3scale API Management system (Porta), responsible for providing an administration portal for API providers, must allow the provider user to manage their notification preferences by enabling or disabling the available alert types. The page must accurately reflect the selections made, ensuring that only the checked notifications are registered and displaying a success confirmation after the update."
AgileVentures_LocalSupport,admin_promoting_site_story.txt,As a site superadministrator So that people recognize our brand I want to have the site name displayed prominently Tracker story ID: https://www.pivotaltracker.com/story/show/50372317,"O sistema LocalSupport, que gerencia o diretório de serviços comunitários e oportunidades de voluntariado de Harrow, deve exibir de forma consistente o nome e a identidade visual do site em todas as páginas, garantindo reconhecimento claro da marca “Harrow Community Network”.","The LocalSupport system, which manages the directory of community services and volunteering opportunities in Harrow, must consistently display the site's name and visual identity on all pages, ensuring clear recognition of the ""Harrow Community Network"" brand."
AgileVentures_LocalSupport,category_import_story.txt,As a Site Super Admin So that Organisations can be categorized in accordance with governmental designations I want to import external lists of Categories and associate them with Organisations,"O sistema LocalSupport, utilizado para gerenciar organizações e serviços comunitários de Harrow, deve permitir que o usuário Super Admin importe categorias externas por meio de um arquivo CSV. Essa importação deve adicionar novas categorias ao sistema e possibilitar sua associação com as organizações existentes.","The LocalSupport system, used to manage Harrow's community organizations and services, must allow the Super Admin user to import external categories via a CSV file. This import must add new categories to the system and enable their association with existing organizations."
AgileVentures_LocalSupport,edit_donation_info_story.txt,As a charity worker So that I can attract funding I want to encourage local people to donate (charity worker can update a link to where they accept donations) Tracker story: https://www.pivotaltracker.com/s/projects/742821/stories/45405077,"O sistema LocalSupport utilizado para gerenciar organizações e serviços comunitários de Harrow, deve permitir que o trabalhador de caridade atualize o link de doação de sua organização, para facilitar que moradores locais contribuam e apoiar a captação de recursos. Ao editar a URL na página da organização, o sistema deve salvar a alteração, exibir confirmação de sucesso e apresentar o novo link na página pública da organização.","The LocalSupport system, used to manage community organizations and services in Harrow, must allow charity workers to update their organization's donation link. This makes it easier for local residents to contribute and supports fundraising efforts. When editing the URL on the organization's page, the system must save the change, display a success confirmation, and show the new link on the organization's public page."
AgileVentures_LocalSupport,edit_own_charity_profile_story.txt,As a charity worker So that I can increase my charity's visibility I want to edit my charity's web page (description and contact details) Tracker story ID: https://www.pivotaltracker.com/story/show/45671099,"O sistema LocalSupport utilizado para gerenciar organizações e serviços comunitários de Harrow, deve permitir que o trabalhador de caridade edite as informações públicas de sua própria organização, como website, endereço, contato e categorias, controlando quais dados serão exibidos ao público. Apenas usuários associados podem realizar essas edições, enquanto demais usuários não devem ver opções de alteração. O sistema deve ainda aceitar URLs sem protocolo, lidar com falhas externas sem impedir atualizações e refletir imediatamente as mudanças na página da organização.","The LocalSupport system, used to manage Harrow's community organizations and services, must allow a charity worker to edit the public information of their own organization, such as its website, address, contact details, and categories, controlling which data is displayed to the public. Only associated users may perform these edits, while other users should not see any editing options. The system must also accept protocol-less URLs, handle external failures without preventing updates, and immediately reflect changes on the organization's page."
alphagov_whitehall,policy-groups_story.txt,"As a citizen: I want to be able to follow a link from policy documents to the profile of any groups who are influencing the policy So I can see how outside experts and stakeholders are involved in making the policy Done means: - It is possible to create 'Policy groups' and associate them to policies - multiple policy groups can be associated to a single policy - doing so results in a line of metadata on the policy page, below the one for a policy team, which reads ""Groups: [Title of group as a link]"" with the +others JavaScript behaviour for multiple items. - An group page comprises: - Title - Summary - Description (markdown field) - Contact email - Attachments (placed inline using markdown) - consistent with the policy teams design, the H2s are pulled out into a contents list as anchor links","O Whitehall é o sistema de publicação usado pelo governo para criar, gerenciar e atualizar conteúdos oficiais,deve permitir e editores criem, editem e excluem Policy Groups, gerenciem seu conteúdo (título, resumo, descrição em markdown, email de contato e anexos) e os associem a políticas. Esses grupos devem aparecer como metadados nas páginas de política, possibilitando que cidadãos identifiquem facilmente quais especialistas e organizações contribuem para a formulação das políticas.","Whitehall, the publishing system used by the government to create, manage, and update official content, must allow editors to create, edit, and delete Policy Groups, manage their content (title, summary, markdown description, contact email, and attachments), and associate them with policies. These groups should appear as metadata on policy pages, enabling citizens to easily identify which experts and organizations contribute to policy formulation."
alphagov_whitehall,review_reminder_story.txt,In order to allow publishers to maintain content An editor Should be able to set and edit a review date for a document,"O Whitehall é o sistema de publicação usado pelo governo para criar, gerenciar e atualizar conteúdos oficiais,deve permitir que editores definam, atualizem e removam datas de revisão de publicações, garantindo que cada documento tenha um lembrete configurado para manutenção futura. A data de revisão deve ser exibida na página de resumo da edição e atualizada conforme as ações do editor, assegurando o acompanhamento adequado da vigência e relevância do conteúdo publicado.","Whitehall, the publishing system used by the government to create, manage, and update official content, must allow editors to set, update, and remove publication review dates, ensuring each document has a configured reminder for future maintenance. The review date must be displayed on the edition summary page and updated according to the editor's actions, ensuring proper tracking of the published content's currency and relevance."
alphagov_whitehall,topical_events_story.txt,As an editor I want to be able to create and publish topical events So that I can communicate about them,"O Whitehall é o sistema de publicação usado pelo governo para criar, gerenciar e atualizar conteúdos oficiais, deve permitir que editores criem, atualizem e excluam Topical Events, incluindo seus resumos, descrições e páginas adicionais de informações. Os eventos cadastrados devem aparecer corretamente na interface administrativa, permitir edição do conteúdo relacionado e possibilitar arquivamento ou remoção quando necessário.","Whitehall, the publishing system used by the government to create, manage, and update official content, must allow editors to create, update, and delete Topical Events, including their summaries, descriptions, and additional information pages. Registered events must appear correctly in the administrative interface, allow editing of related content, and enable archiving or removal when necessary."
alphagov_whitehall,unwithdrawing-withdrawn-documents_story.txt,As a Managing Editor I can unwithdraw withdrawn documents So that I can adjust them with banners or annotations and withdraw them again,"O Whitehall é o sistema de publicação usado pelo governo para criar, gerenciar e atualizar conteúdos oficiais, deve  permitir que editores gerenciem o status de publicações. Além de publicar e retirar documentos do ar (withdraw), o sistema também possibilita reverter essa retirada (unwithdraw), restaurando a publicação para edição. Isso permite que o editor ajuste conteúdo, banners ou anotações antes de efetuar uma nova retirada, garantindo controle total sobre o ciclo de vida de cada publicação.","O Whitehall, sistema de publicação utilizado pelo governo para criar, gerenciar e atualizar conteúdo oficial, deve permitir que os editores gerenciem os status de publicação. Além de publicar e retirar documentos, o sistema também deve permitir o restabelecimento da publicação para edição. Isso permite que o editor ajuste o conteúdo, banners ou anotações antes de realizar uma nova retirada, garantindo controle total sobre o ciclo de vida de cada publicação."
api-platform_core,absolute_url_story.txt,In order to add detail to IRIs Include the absolute url,"A API Platform Core é o componente de publicação de recursos que permite expor e gerenciar APIs REST e GraphQL usando formatos de hipermídia. O sistema deve garantir que todos os recursos publicados (coleções, itens e relações) utilizem IRIs com URLs absolutas, permitindo que cada objeto possa ser diretamente identificado, acessado e referenciado na web. Isso assegura que clientes possam navegar pelos links, recuperar dados completos e enviar informações usando URLs absolutas.","The API Platform Core is the resource publishing component that allows exposing and managing REST and GraphQL APIs using hypermedia formats. The system must ensure that all published resources (collections, items, and relations) use IRIs with absolute URLs, allowing each object to be directly identified, accessed, and referenced on the web. This ensures that clients can navigate through the links, retrieve complete data, and submit information using absolute URLs."
api-platform_core,collection_attributes_story.txt,In order to use the JSON API hypermedia format As a client software developer I need to be able to retrieve valid JSON API responses for collection attributes on entities.,"A API Platform Core é o componente de publicação de recursos que permite expor e gerenciar APIs REST e GraphQL usando formatos de hipermídia. O sistema deve fornecer respostas válidas no formato JSON API, serializando corretamente coleções e  relacionamentos entre entidades, mesmo em estruturas complexas como referências circulares.  Isso permite que o cliente navegue pelas relações, identifique recursos e consuma dados conforme o schema oficial do JSON API, assegurando interoperabilidade e validação adequada das respostas","The API Platform Core is the resource publishing component that allows exposing and managing REST and GraphQL APIs using hypermedia formats. The system must provide valid responses in the JSON API format, properly serializing collections and relationships between entities, even in complex structures such as circular references. This allows the client to navigate through relationships, identify resources, and consume data according to the official JSON API schema, ensuring interoperability and proper validation of responses."
api-platform_core,input_output_2_story.txt,In order to use the API As a client software developer I need to be able to use DTOs on my resources as Input or Output objects.,"A API Platform Core é o componente de publicação de recursos que permite expor e gerenciar APIs REST e GraphQL usando formatos de hipermídia. O sistema  deve suportar DTOs de entrada e saída no formato application/json, permitindo estruturas simplificadas fora do padrão estrito JSON:API. O sistema deve validar os cabeçalhos de conteúdo e processar fluxos específicos, como o reset de senha, garantindo o retorno de status 201 com o timestamp de envio para sucesso, ou status 404 no formato problem+json para usuários inexistentes, assegurando a conformidade exata com os contratos de interface definidos.","The API Platform Core is the resource publishing component that allows exposing and managing REST and GraphQL APIs using hypermedia formats. The system must support input and output DTOs in the application/json format, allowing for simplified structures outside the strict JSON:API standard. It must validate content headers and process specific workflows, such as password reset, ensuring it returns a 201 status with the dispatch timestamp for success, or a 404 status in the problem+json format for non-existent users. This guarantees exact compliance with the defined interface contracts."
api-platform_core,numeric_filter_story.txt,In order to retrieve ordered large collections of resources As a client software developer I need to retrieve collections with numerical value,"A API Platform Core é o componente de publicação de recursos que permite expor e gerenciar APIs REST e GraphQL usando formatos de hipermídia. O sistema deve permitir a filtragem de coleções por valores numéricos, suportando a passagem de parâmetros únicos, múltiplos (arrays) e conversores de propriedade na query string. O sistema deve fornecer respostas válidas no formato JSON-LD (application/ld+json), estruturadas conforme o vocabulário Hydra (incluindo hydra:view e templates de busca), e deve tratar inputs não numéricos de forma resiliente, mantendo o retorno de status 200 e a estrutura da coleção, assegurando a interoperabilidade e a validação correta dos metadados de paginação.","The API Platform Core is the resource publishing component that allows exposing and managing REST and GraphQL APIs using hypermedia formats. The system must allow the filtering of collections by numerical values, supporting the use of single parameters, multiple parameters (arrays), and property converters in the query string. The system must provide valid responses in the JSON-LD format (`application/ld+json`), structured according to the Hydra vocabulary (including `hydra:view` and search templates), and must handle non-numerical inputs resiliently, maintaining a 200 status return and the collection structure. This ensures interoperability and the correct validation of pagination metadata."
billabear_billabear,confirm_email_story.txt,In order to use the system with my personal configuration As a user I need to be able to confirm I gave a valid email during sign up,"O BillaBear é um sistema independente de gestão de assinaturas e faturamento integrado ao Stripe. Ele disponibiliza uma API REST que permite a administração de assinaturas, cobranças e configurações de usuários. O sistema envia um código de verificação no cadastro e valida o código informado pelo usuário, se estiver correto, a conta é confirmada; se estiver incorreto, permanece não confirmada.","BillaBear is a standalone subscription and billing management system integrated with Stripe. It provides a REST API that allows the administration of subscriptions, charges, and user settings. The system sends a verification code during registration and validates the code provided by the user, if it is correct, the account is confirmed, if it is incorrect, it remains unconfirmed."
billabear_billabear,create_product_1_story.txt,In order to bill for products As an APP user I need to be create a product,"O BillaBear é um sistema independente de gestão de assinaturas e faturamento integrado ao Stripe. Ele disponibiliza uma API REST que permite a administração de assinaturas, cobranças e configurações de usuários. O sistema deve permitir que usuários autenticados criem produtos informando nome e, opcionalmente, taxa ou tipo de taxa. Ele valida os dados, impede criações inválidas e exibe os tipos de taxa disponíveis.","BillaBear is a standalone subscription and billing management system integrated with Stripe. It provides a REST API that allows the administration of subscriptions, charges, and user settings. The system must allow authenticated users to create products by specifying a name and, optionally, a rate or rate type. It validates the data, prevents the creation of invalid entries, and displays the available rate types."
billabear_billabear,generate_for_payment_story.txt,In order to manage a payments As an APP user I need to be see all the payments,"O BillaBear é um sistema independente de gestão de assinaturas e faturamento integrado ao Stripe. Ele disponibiliza uma API REST que permite a administração de assinaturas, cobranças e configurações de usuários. O sistema deve permitir que usuários autenticados visualizem todos os pagamentos ligados às suas assinaturas, incluindo informações de clientes, produtos, preços e regras fiscais aplicadas. O sistema também deve gerar recibos corretos para pagamentos existentes, garantindo consistência dos dados retornados pela API.
","BillaBear is a standalone subscription and billing management system integrated with Stripe. It provides a REST API that allows the administration of subscriptions, charges, and user settings. The system must allow authenticated users to view all payments linked to their subscriptions, including customer, product, price, and applied tax rule information. The system must also correctly generate receipts for existing payments, ensuring the consistency of the data returned by the API."
billabear_billabear,limit_customer_story.txt,In order to manage a customer's subscriptions As an APP user I need to be see customer's Subscription,"O BillaBear é um sistema independente de gestão de assinaturas e faturamento integrado ao Stripe. Ele disponibiliza uma API REST que permite a administração de assinaturas, cobranças e configurações de usuários. O sistema deve permitir
que usuários autenticados consultem os limites de uso de um cliente com base nas assinaturas ativas, somando os limites de cada plano associado. O sistema retorna os limites por recurso e, caso o cliente esteja desativado, deve responder com uma lista de limites vazia.","BillaBear is a standalone subscription and billing management system integrated with Stripe. It provides a REST API that allows the administration of subscriptions, charges, and user settings. The system must allow authenticated users to query a customer's usage limits based on their active subscriptions, summing the limits from each associated plan. The system returns the limits per resource, and if the customer is deactivated, it must respond with an empty list of limits."
camptocamp_oerpscenario,account_bank_statement_story.txt,In order to test the invoicing process and modules I want to see if the basic bank statement features works,"O OERPScenario é uma ferramenta de testes funcionais para OpenERP/Odoo baseada em BDD. Ela garante a validação automatizada de processos críticos, como faturamento e reconciliação bancária. O sistema deve permitir que os cenários registrem faturas, criem e importem extratos bancários e confirmem reconciliações, verificando valores residuais e status após cada operação. Caso existam situações inválidas, como faturas já reconciliadas, o sistema deve impedir novas reconciliações e emitir alertas apropriados.","OERPScenario is a functional testing tool for OpenERP/Odoo based on BDD. It ensures the automated validation of critical processes, such as billing and bank reconciliation. The system must allow scenarios to register invoices, create and import bank statements, and confirm reconciliations, verifying residual amounts and status after each operation. If invalid situations exist, such as already reconciled invoices, the system must prevent new reconciliations and issue appropriate alerts."
camptocamp_oerpscenario,sale_story.txt,In order to test the sale process and modules As an administator I want to see if the sales features and workflow work well,"O OERPScenario é uma ferramenta de testes funcionais para OpenERP/Odoo baseada em BDD. Ela garante a validação automatizada de processos críticos, como faturamento e reconciliação bancária.O sistema deve permitir que usuários criem pedidos de venda usando DSL, registrem linhas de pedido, confirmem vendas, gerem faturas associadas e validem os lançamentos contábeis resultantes. Ele também verifica o tratamento correto de exceções, como o cancelamento e a reabertura de faturas, assegurando que o pedido de venda mantenha o estado esperado ao longo de todo o workflow.","OERPScenario is a functional testing tool for OpenERP/Odoo based on BDD. It ensures the automated validation of critical processes, such as billing and bank reconciliation. The system must allow users to create sales orders using DSL, register order lines, confirm sales, generate associated invoices, and validate the resulting accounting entries. It also verifies the correct handling of exceptions, such as the cancellation and reopening of invoices, ensuring that the sales order maintains the expected state throughout the entire workflow."
camptocamp_oerpscenario,samples_story.txt,In order to show you how to work with OERPScenario I want to illustrate the basics behaviors,"O OERPScenario é uma ferramenta de testes funcionais para OpenERP/Odoo baseada em BDD. Ela garante a validação automatizada de processos críticos, como faturamento e reconciliação bancária. O sistema deve permitir que usuários criem e atualizem parceiros, utilizem variáveis armazenadas entre cenários, apliquem helpers para localizar registros e validem faturas por meio de métodos internos. Esses cenários garantem que operações básicas como criação de recursos, atualização de dados e validação de documentos, funcionem corretamente, mantendo a consistência do comportamento esperado no Odoo.","OERPScenario is a functional testing tool for OpenERP/Odoo based on BDD. It ensures the automated validation of critical processes, such as billing and bank reconciliation. The system must allow users to create and update partners, use variables stored across scenarios, apply helpers to locate records, and validate invoices through internal methods. These scenarios ensure that basic operations, such as resource creation, data updates, and document validation, work correctly, maintaining the consistency of the expected behavior in Odoo."
camptocamp_oerpscenario,pay_invoice_story.txt,In order to test the pay invoice wizard I want to see if the wizard take care of complex cases,"O OERPScenario é uma ferramenta de testes funcionais para OpenERP/Odoo baseada em BDD. Ela garante a validação automatizada de processos críticos, como faturamento e reconciliação bancária. O sistema deve permitir registrar e validar faturas, executar pagamentos parciais e completos em diferentes moedas e recalcular corretamente o valor residual após cada operação. Também deve assegurar que, ao quitar totalmente a fatura, seu status seja atualizado para pago, mantendo a consistência dos cálculos.","OERPScenario is a functional testing tool for OpenERP/Odoo based on BDD. It ensures the automated validation of critical processes, such as billing and bank reconciliation. The system must allow registering and validating invoices, executing partial and full payments in different currencies, and correctly recalculating the residual amount after each operation. It must also ensure that when an invoice is fully settled, its status is updated to ""paid,"" maintaining the consistency of the calculations."
Cocolabs-SAS_cocorico,Breadcrumb_story.txt,As a user I want to check my breadcrumbs,"Cocorico é uma plataforma de código aberto para criar marketplaces colaborativos, ele utiliza Breadcrumbs como navegação que mostra ao usuário sua localização atual dentro da estrutura hierárquica do site. O sistema deve garantir que os breadcrumbs mostram consistentemente a posição atual do usuário. Caso o usuário clique em “Messages” no menu “offerer” deve ser mostrado ""Home > Offerer > Messages"".","Cocorico is an open-source platform for creating collaborative marketplaces. It uses Breadcrumbs as navigation to show users their current location within the site's hierarchical structure. The system must ensure that the breadcrumbs consistently display the user's current position. If a user clicks on ""Messages"" in the ""offerer"" menu, ""Home > Offerer > Messages"" should be shown."
Cocolabs-SAS_cocorico,ListingSearch_story.txt,As a user i want to find listing so that i can rent it,"Cocorico é uma plataforma de código aberto para criar marketplaces colaborativos. O sistema deve permitir que o usuário possa buscar listagens por localização, categoria, características, data e preço.","Cocorico is an open-source platform for creating collaborative marketplaces. The system must allow users to search for listings by location, category, features, date, and price."
Cocolabs-SAS_cocorico,Message_story.txt,"As a user i want to send, consult and reply to a message","Cocorico é uma plataforma de código aberto para criar marketplaces colaborativos.O sistema deve permitir que usuários como asker possam enviar mensagens para os usuários offerers, que possuem os itens da listagem, permitindo que possam conversar, negociar e fechar acordos.","Cocorico is an open-source platform for creating collaborative marketplaces. The system must allow users, such as askers, to send messages to offerer users, who own the listed items, enabling them to converse, negotiate, and close deals."
Cocolabs-SAS_cocorico,Review_story.txt,As a user i want to show and add rates and reviews,"Cocorico é uma plataforma de código aberto para criar marketplaces colaborativos. O sistema deve permitir que usuários como asker possam avaliar usuários offerers, e que usuários offerers possam avaliar asker.","Cocorico is an open-source platform for creating collaborative marketplaces. The system must allow users, such as askers, to review offerer users, and allow offerer users to review askers."
coreshop_CoreShop,country_condition_2_story.txt,In order to extend my catalog The catalog has a price-rule for a country I want to create a new product,"O CoreShop é um sistema de e-commerce eletrônico. O sistema deve permitir criar produtos associados a categorias e validar regras de preço baseadas em país. Quando uma regra ativa corresponde ao país configurado para o produto, ela deve ser considerada válida, quando o país diverge, a regra deve ser tratada como inválida. Assim, garante-se que somente ajustes de preço compatíveis com a localização definida sejam aplicados aos produtos do catálogo.","CoreShop is an e-commerce system. The system must allow creating products associated with categories and validating price rules based on country. When an active rule matches the country configured for the product, it should be considered valid; when the country differs, the rule should be treated as invalid. This ensures that only price adjustments compatible with the defined location are applied to products in the catalog."
coreshop_CoreShop,discount_percent_action_tax_100_and_free_shipping_and_gross_values_story.txt,"In order to give the customer discounts based on the cart, we add a new rule with a 100% discount and free shipping","O CoreShop é um sistema de e-commerce eletrônico. O sistema deve possibilitar a criação de regras ativas que ofereçam descontos percentuais e frete grátis, considerando preços brutos, impostos e transportadoras associadas. Ao aplicar um voucher válido com desconto de 100%, o carrinho deve recalcular corretamente os valores com e sem impostos, zerando o total e garantindo que tanto o desconto quanto o frete gratuito sejam refletidos nos resultados finais.","CoreShop is an e-commerce system. The system must enable the creation of active rules that offer percentage discounts and free shipping, considering gross prices, taxes, and associated carriers. When applying a valid voucher with a 100% discount, the cart must correctly recalculate the values with and without taxes, zeroing out the total and ensuring both the discount and free shipping are reflected in the final results."
coreshop_CoreShop,discount_percent_gross_action_story.txt,"In order to give the customer discounts based on the cart, we add a new rule","O CoreShop é um sistema de e-commerce eletrônico. O sistema deve funcionar com valores brutos, impostos e grupos de regras fiscais, garantindo que produtos adicionados ao carrinho tenham seus preços corretamente ajustados. Ao criar uma regra ativa do tipo voucher com código definido e aplicar um desconto percentual, o carrinho deve recalcular automaticamente o valor do item e o total final, refletindo o percentual aplicado e mantendo a consistência dos valores com impostos. Neste caso, um desconto de 10% sobre um produto de 100,00 deve reduzir o total para 90,00, assegurando que o mecanismo de regras e vouchers opere de forma correta e previsível.","CoreShop is an e-commerce system. The system must work with gross values, taxes, and tax rule groups, ensuring that products added to the cart have their prices correctly adjusted. When creating an active voucher-type rule with a defined code and applying a percentage discount, the cart must automatically recalculate the item value and final total, reflecting the applied percentage and maintaining the consistency of tax-inclusive values. In this case, a 10% discount on a product priced at 100.00 should reduce the total to 90.00, ensuring that the rule and voucher mechanism operates correctly and predictably."
coreshop_CoreShop,not_discountable_discount_amount_action_story.txt,"In order to give the customer discounts based on the cart, we add a new rule","O CoreShop é um sistema de e-commerce eletrônico.O sistema deve permitir a criação de regras de preço marcadas como “não descontáveis”, que bloqueiam qualquer abatimento aplicado posteriormente por vouchers ou outras promoções. Mesmo com um voucher ativo oferecendo desconto em valor fixo, o carrinho deve reconhecer que o produto está protegido por uma regra de não desconto, mantendo o preço final inalterado","CoreShop is an e-commerce system. The system must allow the creation of price rules marked as ""non-discountable,"" which block any subsequent reduction applied by vouchers or other promotions. Even with an active voucher offering a fixed-amount discount, the cart must recognize that the product is protected by a non-discount rule, keeping the final price unchanged."
cross-solution_YAWIK,apply_story.txt,In order to start working As a user I should be able to apply a job,YAWIK é uma solução web para gerenciamento de candidaturas a empregos onde recrutadores podem criar anúncios com formulários para candidatos se inscreverem nas vagas. O sistema deve permitir que o usuário cadastre suas informações pessoais para conseguir aplicar para um anúncio de vaga de emprego.,YAWIK is a web solution for managing job applications where recruiters can create job advertisements with forms for candidates to apply for positions. The system must allow users to register their personal information in order to apply for a job opening.
cross-solution_YAWIK,insert_story.txt,In order to post a job As an admin I should able to add new organization,YAWIK é uma solução web para gerenciamento de candidaturas a empregos onde recrutadores podem criar anúncios com formulários para candidatos se inscreverem nas vagas. O sistema deve permitir que um usuário admin possa criar uma organização.,YAWIK is a web solution for managing job applications where recruiters can create job advertisements with forms for candidates to apply for positions. The system must allow an admin user to create an organization.
cross-solution_YAWIK,login_story.txt,In order to apply job As a Visitor I want to be able to log in to Yawik,YAWIK é uma solução web para gerenciamento de candidaturas a empregos onde recrutadores podem criar anúncios com formulários para candidatos se inscreverem nas vagas. O usuário deve preencher um email e senha válidos para conseguir logar no sistema.,YAWIK is a web solution for managing job applications where recruiters can create job advertisements with forms for candidates to apply for positions. The user must enter a valid email and password to log in to the system.
cross-solution_YAWIK,update_2_story.txt,In order to post a job As a recruiter I should able to update my organization,"YAWIK é uma solução web para gerenciamento de candidaturas a empregos onde recrutadores podem criar anúncios com formulários para candidatos se inscreverem nas vagas. O sistema deve permitir que um usuário logado como recruiter possa atualizar dados da organização, como nome, localização e logo.","YAWIK is a web solution for managing job applications where recruiters can create job advertisements with forms for candidates to apply for positions. The system must allow a user logged in as a recruiter to update their organization's data, such as its name, location, and logo."
DataDog_datadog-api-client-typescript,dora_metrics_story.txt,"Search, send, or delete events for DORA Metrics to measure and improve your software delivery performance. See the [DORA Metrics page](https://docs.datadoghq.com/dora_metrics/) for more information. **Note**: DORA Metrics are not available in the US1-FED site.","A Datadog é uma plataforma de observabilidade e segurança para aplicações na nuvem, integrando e automatizando monitoramento de infraestrutura, monitoramento de desempenho de aplicações, gerenciamento de logs, monitoramento de experiência do usuário. O sistema deve permitir requests para as métricas de DevOps Research and Assessment (DORA), dado uma request com  uma appKeyAuth válida.","Datadog is an observability and security platform for cloud applications, integrating and automating infrastructure monitoring, application performance monitoring, log management, and user experience monitoring. The system must allow requests for DevOps Research and Assessment (DORA) metrics, given a request with a valid appKeyAuth."
DataDog_datadog-api-client-typescript,gcp_integration_1_story.txt,Configure your Datadog-Google Cloud Platform (GCP) integration directly through the Datadog API. Read more about the [Datadog-Google Cloud Platform integration](https://docs.datadoghq.com/integrations/google_cloud _platform).,"A Datadog é uma plataforma de observabilidade e segurança para aplicações na nuvem, integrando e automatizando monitoramento de infraestrutura, monitoramento de desempenho de aplicações, gerenciamento de logs, monitoramento de experiência do usuário. O sistema deve permitir a configuração da integração Datadog-GCP via API, focando na gestão de contas de serviço STS (Security Token Service), podendo criar, listar, atualizar e excluir essas contas, configurando atributos como filtros e opções de segurança (CSPM, Security Command Center). ","Datadog is an observability and security platform for cloud applications, integrating and automating infrastructure monitoring, application performance monitoring, log management, and user experience monitoring. The system must allow the configuration of the Datadog-GCP integration via API, focusing on the management of STS (Security Token Service) service accounts, enabling the creation, listing, updating, and deletion of these accounts, while configuring attributes such as filters and security options (CSPM, Security Command Center)."
DataDog_datadog-api-client-typescript,logs_custom_destinations_story.txt,Custom Destinations forward all the logs ingested to an external destination.  **Note**: Log forwarding is not available for the Government (US1-FED) site. Contact your account representative for more information. See the [Custom Destinations Page](https://app.datadoghq.com/logs/pipelines/log-forwarding/custom- destinations) for a list of the custom destinations currently configured in web UI.,"A Datadog é uma plataforma de observabilidade e segurança para aplicações na nuvem, integrando e automatizando monitoramento de infraestrutura, monitoramento de desempenho de aplicações, gerenciamento de logs, monitoramento de experiência do usuário. O sistema deve permitir criar, listar, obter, atualizar e excluir destinos, configurando tipos como HTTP, Microsoft Sentinel, Splunk HEC e Elasticsearch, com filtros por query e controle de tags.","Datadog is an observability and security platform for cloud applications, integrating and automating infrastructure monitoring, application performance monitoring, log management, and user experience monitoring. The system must allow creating, listing, retrieving, updating, and deleting destinations, configuring types such as HTTP, Microsoft Sentinel, Splunk HEC, and Elasticsearch, with query-based filters and tag control."
DataDog_datadog-api-client-typescript,service_level_objectives_1_story.txt,"[Service Level Objectives](https://docs.datadoghq.com/monitors/service_lev el_objectives/#configuration) (SLOs) are a key part of the site reliability engineering toolkit. SLOs provide a framework for defining clear targets around application performance, which ultimately help teams provide a consistent customer experience, balance feature development with platform stability, and improve communication with internal and external users.","A Datadog é uma plataforma de observabilidade e segurança para aplicações na nuvem, integrando e automatizando monitoramento de infraestrutura, monitoramento de desempenho de aplicações, gerenciamento de logs, monitoramento de experiência do usuário. O sistema deve permitir a geração e consulta de relatórios de Service Level Objectives (SLOs) via API.","Datadog is an observability and security platform for cloud applications, integrating and automating infrastructure monitoring, application performance monitoring, log management, and user experience monitoring. The system must allow the generation and querying of Service Level Objectives (SLO) reports via API."
engineyard_rails_dev_directory,admin_services_story.txt,As an Engine Yard administrator I want to be able to add and remove services So that I can adapt the system to new tech types as they are required without modifying code,"O Engine Yard Rails Development Directory é um sistema web que permite aos administradores gerenciar dinamicamente os serviços oferecidos pela plataforma. Ele fornece uma interface administrativa onde é possível adicionar novos serviços, ativá-los ou desativá-los, editar suas informações e removê-los quando não forem mais necessários.","The Engine Yard Rails Development Directory is a web system that allows administrators to dynamically manage the services offered by the platform. It provides an administrative interface where new services can be added, enabled or disabled, their information edited, and removed when they are no longer necessary."
engineyard_rails_dev_directory,admin_top_cities_story.txt,In order to choose what top cities appear in the top cities section As an admin I want to be able to add top cities,"O Engine Yard Rails Development Directory é um sistema web que permite aos administradores gerenciar dinamicamente os serviços oferecidos pela plataforma. O sistema possibilita controlar quais cidades aparecem na seção de cidades em destaque, permitindo adicionar novas cidades, definir estado e país, editar registros já existentes e remover aquelas que não devem mais ser exibidas.","The Engine Yard Rails Development Directory is a web system that allows administrators to dynamically manage the services offered by the platform. The system enables control over which cities appear in the featured cities section, allowing new cities to be added, their state and country to be set, existing records to be edited, and those that should no longer be displayed to be removed."
engineyard_rails_dev_directory,dashboard_story.txt,As a Provider I want to see my account overview on the dashboard So that when I login I can see information that is important to me without digging for it,"O Engine Yard Rails Development Directory é um sistema web que permite aos administradores gerenciar dinamicamente os serviços oferecidos pela plataforma.O sistema deve exibir no dashboard do provedor um resumo de sua conta, incluindo solicitações abertas  e novos endossos recebidos, permitindo que o usuário visualize rapidamente atividades importantes sem precisar navegar por várias páginas. Ao fazer login, o provedor tem acesso direto a itens como propostas associadas à sua empresa e nomes de clientes que o endossaram.","The Engine Yard Rails Development Directory is a web system that allows administrators to dynamically manage the services offered by the platform. The system must display a summary of the provider's account on their dashboard, including open requests and new endorsements received, allowing the user to quickly view important activities without having to navigate through multiple pages. Upon logging in, the provider has direct access to items such as proposals associated with their company and the names of clients who have endorsed them."
engineyard_rails_dev_directory,pages_story.txt,As an Engine Yard administrator I want to add pages So that I can add static content to the site,"O Engine Yard Rails Development Directory é um sistema web que permite aos administradores gerenciar dinamicamente os serviços oferecidos pela plataforma.O sistema deve permitir criar novas páginas, definir título, URL e conteúdo, além de possibilitar a edição dessas informações sempre que necessário. Também deve permitir a exclusão de páginas que não são mais relevantes, garantindo que o conteúdo público permaneça sempre atualizado.","The Engine Yard Rails Development Directory is a web system that allows administrators to dynamically manage the services offered by the platform. The system must allow the creation of new pages, including setting their title, URL, and content, as well as enabling the editing of this information whenever necessary. It must also allow the deletion of pages that are no longer relevant, ensuring that public content remains up-to-date."
FinAegis_core-banking-prototype-laravel,basket_management_story.txt,In order to diversify my holdings As a bank customer I need to be able to create and manage basket assets,"O FinAegis é um protótipo de sistema bancário central de código aberto. O sistema deve permitir criar e gerenciar cestas de ativos (Basket Asset Management), com funcionalidades de composição, decomposição e rebalanceamento dinâmico, garantindo rastreabilidade e precisão em operações financeiras.","FinAegis is an open-source central banking system prototype. The system must enable the creation and management of asset baskets (Basket Asset Management), with functionalities for composition, decomposition, and dynamic rebalancing, ensuring traceability and accuracy in financial operations."
FinAegis_core-banking-prototype-laravel,batch_processing_story.txt,In order to efficiently handle bulk operations As a system administrator I need to execute batch operations with proper error handling and compensation,"O FinAegis é um protótipo de sistema bancário central de código aberto. O sistema deve permitir criar e gerenciar cestas de ativos (Basket Asset Management), com funcionalidades de composição, decomposição e rebalanceamento dinâmico, garantindo rastreabilidade e precisão em operações financeiras.","FinAegis is an open-source central banking system prototype. The system must enable the creation and management of asset baskets (Basket Asset Management), with functionalities for composition, decomposition, and dynamic rebalancing, ensuring traceability and accuracy in financial operations."
FinAegis_core-banking-prototype-laravel,financial_institutions_application_story.txt,In order to partner with FinAegis As a financial institution I need to be able to submit a partnership application,"O FinAegis é um protótipo de sistema bancário central de código aberto. O sistema deve permitir que administradores e instituições parceiras realizem operações de gestão de cestas de ativos, submissão de candidaturas, execução e monitoramento de batches e consulta de relatórios","FinAegis is an open-source central banking system prototype. The system must allow administrators and partner institutions to perform asset basket management operations, submission of applications, execution and monitoring of batches, and querying of reports."
FinAegis_core-banking-prototype-laravel,governance_voting_story.txt,In order to participate in platform governance As a stakeholder I need to be able to create and vote on proposals,"O FinAegis é um protótipo de sistema bancário central de código aberto.O sistema deve permitir que detentores de tokens criem, votem e executem propostas de governança,como alterações de configuração, composição de cestas de ativos e ativação de funcionalidades, através  de votação baseado em staking, com cálculo dinâmico de poder de voto, delegação, períodos de votação definidos e execução automática de propostas aprovadas, garantindo transparência, auditabilidade e decisões coletivas no protocolo.","FinAegis is an open-source central banking system prototype. The system must allow token holders to create, vote on, and execute governance proposals—such as configuration changes, asset basket composition adjustments, and feature activation—through staking-based voting. This process includes dynamic voting power calculation, delegation, defined voting periods, and the automatic execution of approved proposals, ensuring transparency, auditability, and collective decision-making within the protocol."
GSA_search-gov,admin_center_clicks_and_queries_story.txt,"In order to see the correlation between user queries and clicked URLs As a site customer I want to see top clicked URLs, the queries that led to them, and the clicked URLs that came from those queries","GSA_search-gov é um mecanismo de busca Search.gov da GSA.O sistema deve permitir que administradores de sites afiliados visualizem e analisem a correlação entre as consultas de pesquisa dos usuários e os URLs clicados, com funcionalidades para gerar relatórios de consultas, cliques, referências e relatórios mensais.","GSA_search-gov is the Search.gov search engine from the GSA. The system must allow affiliated site administrators to view and analyze the correlation between user search queries and the URLs clicked, with functionalities to generate queries, clicks, referrals, and monthly reports."
GSA_search-gov,bulk_affiliate_styles_upload_story.txt,In order to give affiliates the ability to submit a file of URLs for indexing As an admin I want to upload a file containing Affiliate Styles,":O GSA_search-gov é um mecanismo de busca Search.gov da GSA. O sistema deve permitir que administradores realizem o upload em lote de arquivos contendo estilos de sites afiliados para indexação sob demanda, com validação de tamanho de arquivo de até 4 MB, confirmação de processamento e notificação por e-mail dos resultados.","GSA_search-gov is the Search.gov search engine from the GSA. The system must allow administrators to perform batch uploads of files containing affiliate site styles for on-demand indexing, with file size validation up to 4 MB, processing confirmation, and email notification of the results."
GSA_search-gov,odie_url_source_update_story.txt,In order to meet customer needs As an admin I want to update the source of all of a specific affiliate's indexed documents from rss to manual,"O GSA_search-gov é um mecanismo de busca Search.gov da GSA.O sistema deve permitir que administradores realizem a atualização em massa da fonte de documentos indexados de um afiliado específico, de RSS para manual, com validação rigorosa do identificador do afiliado, confirmação explícita antes da execução e processamento via job enfileirado, garantindo precisão e segurança na migração de grandes volumes de metadados de indexação.","GSA_search-gov is the Search.gov search engine from the GSA. The system must allow administrators to perform a batch update of the document source for a specific affiliate, changing it from RSS to manual. This process requires strict validation of the affiliate identifier, explicit confirmation before execution, and processing via a queued job to ensure accuracy and security during the migration of large volumes of indexing metadata."
GSA_search-gov,search_elastic_story.txt,In order to get results directly form elasticsearch As a site visitor to a site using the SearchElastic search engine I want to be able to search an site using the SearchElastic search engine,"O GSA_search-gov é um mecanismo de busca Search.gov da GSA.O sistema deve permitir que visitantes de sites afiliados realizem pesquisas diretamente no índice Elasticsearch através do motor SearchElastic, garantindo a recuperação rápida e relevante de resultados de busca para consultas específicas, como exemplificado na busca por ""hubble"" no site da NASA.","GSA_search-gov is the Search.gov search engine from the GSA. The system must allow visitors of affiliate sites to perform searches directly within the Elasticsearch index via the SearchElastic engine, ensuring the fast and relevant retrieval of search results for specific queries, as exemplified by searching for ""hubble"" on the NASA website."
inventorypapa_free-dropshipping-automation-software,browsing_inventory_story.txt,In order to see all tracked product variants As an Administrator I want to be able to browse tracked product variants,"O InventoryPapa Inventory Browser é um módulo do software gratuito de automação de dropshipping. O sistema deve permitir que administradores visualizem e naveguem por variantes de produtos rastreadas no inventário, com capacidade de filtrar apenas itens monitorados e exibir informações críticas como quantidade disponível em estoque.","The InventoryPapa Inventory Browser is a module of the free dropshipping automation software. The system must allow administrators to view and navigate through tracked product variants in the inventory, with the ability to filter for monitored items only and display critical information such as available stock quantity."
inventorypapa_free-dropshipping-automation-software,product_review_validation_1_story.txt,In order to avoid making mistakes when managing a product review As an Administrator I want to be prevented from adding it without specifying required fields,": O InventoryPapa Inventory Browser é um módulo do software gratuito de automação de dropshipping. O sistema deve validar e impedir modificações em avaliações de produtos que omitam campos obrigatórios, como título e comentário, garantindo a integridade dos dados e prevenindo erros durante a gestão do conteúdo gerado por usuários.","The InventoryPapa Inventory Browser is a module of the free dropshipping automation software. The system must validate and prevent modifications to product reviews that omit mandatory fields, such as title and comment, ensuring data integrity and preventing errors during the management of user-generated content."
inventorypapa_free-dropshipping-automation-software,seeing_orders_statistics_on_customer_details_page_story.txt,"In order to know how many orders a customer has placed, and what's their total value As an Administrator I want to be able to see orders statistics of customer on their details page","O InventoryPapa Inventory Browser é um módulo do software gratuito de automação de dropshipping.O sistema deve permitir que administradores visualizem estatísticas detalhadas dos pedidos por cliente, incluindo número de pedidos, valor total e valor médio, segmentados por canal de venda e status de cumprimento, garantindo insights acionáveis sobre o valor e o comportamento do cliente em operações multicanal.","The InventoryPapa Inventory Browser is a module of the free dropshipping automation software. The system must allow administrators to view detailed customer order statistics, including the number of orders, total value, and average value, segmented by sales channel and fulfillment status, ensuring actionable insights into customer value and behavior in multi-channel operations."
inventorypapa_free-dropshipping-automation-software,sorting_payment_methods_by_position_story.txt,In order to change the order by which payment methods are displayed As an Administrator I want to sort payment methods by their positions,"O InventoryPapa Inventory Browser é um módulo do software gratuito de automação de dropshipping.O sistema deve permitir que administradores visualizem e gerenciem a ordenação de métodos de pagamento por posição, definindo a sequência de exibição no checkout, com comportamento padrão de ordenação ascendente e lógica clara para adicionar novos métodos no início ou fim da lista, garantindo controle total sobre a experiência de pagamento da loja.","The InventoryPapa Inventory Browser is a module of the free dropshipping automation software. The system must allow administrators to view and manage the ordering of payment methods by position, defining their display sequence at checkout. It should feature a default ascending order and clear logic for adding new methods to either the beginning or end of the list, ensuring complete control over the store's payment experience."
irontec_ivozprovider,getExternalCallFilterBlackList_story.txt,In order to manage external call filter black lists As a client admin I need to be able to retrieve them through the API.,"O IVOZ Provider é um módulo da solução multi locatária para provedores VoIP. O sistema deve permitir que administradores de clientes recuperem listas negras de filtros de chamadas externas através de uma API REST, com suporte a autenticação por cabeçalhos, respostas estruturadas em JSON e consultas tanto para listas completas quanto para registros individuais, garantindo o gerenciamento programático de políticas de filtragem de chamadas.","IVOZ Provider is a module of the multi-tenant VoIP provider solution. The system must allow client administrators to retrieve external call filter blacklists via a REST API, supporting header-based authentication, structured JSON responses, and queries for both complete lists and individual records. This ensures the programmatic management of call filtering policies."
irontec_ivozprovider,postHuntGroupMember_story.txt,In order to manage hunt groups rel users As a client admin I need to be able to create them through the API.,"O IVOZ Provider Hunt Group Member API é um módulo da solução multi locatária para provedores VoIP. O sistema deve permitir que administradores de clientes criem e recuperem relações entre grupos de caça (hunt groups) e usuários através de uma API REST, com suporte à criação de membros via POST com parâmetros configuráveis como tempo de espera (timeoutTime) e prioridade, e consulta dos registros criados, garantindo o gerenciamento programático da distribuição de chamadas.","IVOZ Provider Hunt Group Member API is a module of the multi-tenant VoIP provider solution. The system must allow client administrators to create and retrieve relationships between hunt groups and users via a REST API. This includes supporting member creation via POST with configurable parameters such as timeoutTime and priority, as well as querying the created records, ensuring the programmatic management of call distribution."
irontec_ivozprovider,removeDomains_2_story.txt,In order to manage domains as a super admin I should not be able to delete them through the API.,"O IVOZ Provider Domain Deletion API é um módulo de gestão de segurança da solução multi locatária para provedores VoIP. O sistema deve impedir a exclusão de domínios através da API, mesmo para superadministradores, retornando um código de status HTTP 405 (Method Not Allowed) para todas as tentativas de deleção, garantindo a integridade e a estabilidade obrigatória da estrutura multilocatário.","The IVOZ Provider Domain Deletion API is a security management module for the multi-tenant VoIP provider solution. The system must prevent domain deletion through the API, even for super administrators, by returning an HTTP 405 (Method Not Allowed) status code for all deletion attempts, thereby ensuring the integrity and mandatory stability of the multi-tenant framework."
irontec_ivozprovider,removeSpecialNumber_1_story.txt,In order to manage special numbers as a super admin I need to be able to delete them through the API.,"O IVOZ Provider Special Numbers API é um módulo de gestão avançada da solução multilocatária para provedores VoIP. O sistema deve permitir que super administradores gerenciem números especiais, incluindo sua exclusão controlada através da API com o método DELETE, garantindo a remoção segura e confirmada pelo código de status HTTP 204 (No Content).","The IVOZ Provider Special Numbers API is an advanced management module for the multi-tenant VoIP provider solution. The system must allow super administrators to manage special numbers, including their controlled deletion via the API using the DELETE method, ensuring secure removal confirmed by the HTTP 204 (No Content) status code."
IRPTeam_IRP,_00503TaxRatesCatalog_story.txt,As an owner I want to fill out information on the company To further use it when reflecting in the program of business processes,"O IRP Tax Rates Catalog é um módulo de configuração fiscal da solução de software para automação de estoque, atacado e finanças. O sistema deve permitir que administradores preencham e gerenciem o catálogo de taxas de impostos da empresa, com suporte à criação de múltiplas taxas, descrições multilíngue e validação de valores.","The IRP Tax Rates Catalog is a tax configuration module of the inventory, wholesale, and finance automation software solution. The system must allow administrators to populate and manage the company's tax rates catalog, supporting the creation of multiple rates, multilingual descriptions, and value validation."
IRPTeam_IRP,_00505CurrencyMovementType_story.txt,As an owner I want to fill out information on the company To further use it when reflecting in the program of business processes,"O IRP Tax Rates Catalog é um módulo de configuração fiscal da solução de software para automação de estoque, atacado e finanças.O sistema deve permitir que administradores criem e gerenciem tipos de movimento de moeda para termos de parceiros, configurando moedas específicas (como a Lira Turca - TRY) e vinculando-as a fontes cambiais apropriadas, garantindo a correta parametrização para o processamento automático de transações financeiras internacionais na plataforma.","The IRP Tax Rates Catalog is a tax configuration module of the inventory, wholesale, and finance automation software solution. The system must allow administrators to create and manage currency movement types for partner terms, configuring specific currencies (such as the Turkish Lira - TRY) and linking them to appropriate exchange rate sources, ensuring correct parameterization for the automatic processing of international financial transactions on the platform."
IRPTeam_IRP,_00509PaymentTermsCatalog_story.txt,As an owner I want to fill out information on the company To further use it when reflecting in the program of business processes,"O IRP Tax Rates Catalog é um módulo de configuração fiscal da solução de software para automação de estoque, atacado e finanças.  O sistema deve permitir que administradores preencham e gerenciem o catálogo de condições de pagamento da empresa, com suporte à criação de termos personalizados,como ""Test"", e descrições multilíngue, garantindo a parametrização precisa para a gestão de prazos e fluxos financeiros em transações com parceiros comerciais.","The IRP Tax Rates Catalog is a tax configuration module of the inventory, wholesale, and finance automation software solution. The system must allow administrators to populate and manage the company's payment terms catalog, supporting the creation of custom terms, such as ""Test"", and multilingual descriptions, ensuring accurate parameterization for managing deadlines and financial flows in transactions with commercial partners."
IRPTeam_IRP,_0296Unbundling_story.txt,"As a sales manager I want to create Unbundling For sale of products from a Bundle separately Variables: import ""Variables.feature""","O IRP Tax Rates Catalog é um módulo de configuração fiscal da solução de software para automação de estoque, atacado e finanças. O sistema deve permitir que gerentes de vendas criem documentos de desagregação (unbundling) para vender separadamente os itens componentes de um kit (bundle), com suporte à utilização de especificações pré-definidas, geração automática de chaves de item quando necessário, e controle preciso das movimentações de estoque em diferentes perfis de armazém, garantindo flexibilidade comercial e precisão no controle de inventário.","The IRP Tax Rates Catalog is a tax configuration module of the inventory, wholesale, and finance automation software solution. The system must allow sales managers to create unbundling documents to sell the component items of a kit (bundle) separately. This includes support for using pre-defined specifications, automatic generation of item keys when necessary, and precise control of inventory movements across different warehouse profiles, ensuring commercial flexibility and accuracy in inventory control."
karma-runner_karma,cli_story.txt,In order to use Karma As a person who wants to write great tests I want command line interface to provide help and useful errors.,"O Karma Test Runner CLI é a interface de linha de comando do executador de testes para JavaScript.O sistema deve permitir que desenvolvedores executem e gerenciem testes automatizados em navegadores reais através de comandos como init, start, run, stop e completion, fornecendo mensagens de ajuda detalhadas, tratamento de erros claros e suporte a opções de configuração específicas para cada comando, garantindo uma experiência de teste integrada e informativa.","Karma Test Runner CLI is the command-line interface for the JavaScript test runner. The system must allow developers to execute and manage automated tests in real browsers using commands such as init, start, run, stop, and completion. It must provide detailed help messages, clear error handling, and support specific configuration options for each command, ensuring an integrated and informative testing experience."
karma-runner_karma,headers_story.txt,In order to use Karma As a person who wants to write great tests I want to Karma to send custom headers on files sent.,"O Karma Test Runner CLI é a interface de linha de comando do executador de testes para JavaScript. O sistema deve permitir que desenvolvedores definam cabeçalhos HTTP personalizados para arquivos específicos servidos durante a execução dos testes, garantindo a capacidade de simular diferentes condições de servidor e atender a requisitos de segurança ou controle de cache nos ambientes de teste.",Karma Test Runner CLI is the command-line interface for the JavaScript test runner. The system must allow developers to set custom HTTP headers for specific files served during test execution. This ensures the ability to simulate various server conditions and meet security or cache control requirements in testing environments.
karma-runner_karma,launcher-error_story.txt,In order to use Karma As a person who wants to write great tests I want Karma to output stderr if a browser fails to connect.,"O Karma Test Runner CLI  é a interface de linha de comando do executador de testes para JavaScript.O sistema deve permitir que desenvolvedores identifiquem falhas na conexão com navegadores através da exibição de mensagens de erro no stderr, garantindo um feedback claro quando um navegador não consegue se conectar durante a execução dos testes.","The Karma Test Runner CLI is the command-line interface for the JavaScript test runner. The system must allow developers to identify browser connection failures by displaying error messages in stderr, ensuring clear feedback when a browser cannot connect during test execution."
karma-runner_karma,tag_story.txt,In order to use Karma As a person who wants to write great tests I want to add a JavaScript version tag in Firefox only.,"O Karma Test Runner CLI  é a interface de linha de comando do executador de testes para JavaScript.O sistema deve permitir que desenvolvedores adicionem e gerenciem tags de versão JavaScript de forma específica por navegador, garantindo a execução condicional de testes com base na presença ou ausência dessas tags em diferentes ambientes de execução.","The Karma Test Runner CLI is the command-line interface for the JavaScript test runner. The system must allow developers to add and manage JavaScript version tags in a browser-specific manner, ensuring the conditional execution of tests based on the presence or absence of these tags in different execution environments."
ledgersmb_LedgerSMB,chart-of-accounts_story.txt,As a LedgerSMB user I want to be able to view the chart of accounts and change the properties of an account and a heading. I want to be able to use an existing account as the basis for creating a new account.,"O LedgerSMB é um módulo central do sistema de contabilidade de partidas dobradas e ERP baseado na web. O sistema deve permitir que usuários visualizem e gerenciem o plano de contas completo, incluindo a modificação de todas as propriedades de contas e títulos, a criação de novas contas com base em existentes, o gerenciamento de códigos GIFI, flags personalizadas e inclusão em menus suspensos, garantindo a integridade dos dados contábeis, relatórios estruturados e uma gestão financeira precisa e customizável para pequenas e médias empresas.","LedgerSMB is a core module of the web-based double-entry accounting and ERP system. The system must allow users to view and manage the complete chart of accounts, including modifying all account and header properties, creating new accounts based on existing ones, managing GIFI codes, custom flags, and inclusion in dropdown menus. This ensures the integrity of accounting data, structured reporting, and precise, customizable financial management for small and medium-sized businesses."
ledgersmb_LedgerSMB,in-arrears-purchase_story.txt,In case inventory is sold short - which can both happen when the true sequence is to sell before buy *or* when transactions are entered out-of-order during periodic bookkeeping - COGS should be posted as soon as the price of the goods is known. That condition is met the moment the purchase invoice is posted.,"O LedgerSMB é um módulo central do sistema de contabilidade de partidas dobradas e ERP baseado na web. O sistema deve realizar a contabilização automática do Custo das Mercadorias Vendidas (CMV/COGS) no momento do lançamento de uma fatura de compra, quando existirem vendidas registradas previamente sem custo associado (""inventory sold short""), garantindo a precisão contábil e o reconhecimento correto do custo assim que o preço das mercadorias se torna conhecido.","LedgerSMB is a core module of the web-based double-entry accounting and ERP system. The system must perform the automatic posting of the Cost of Goods Sold (COGS) when a purchase invoice is entered, provided there are previously recorded sales without an associated cost (""inventory sold short""). This ensures accounting accuracy and the correct recognition of the cost as soon as the price of the goods becomes known."
ledgersmb_LedgerSMB,login_story.txt,"In order to assess the further quality of the software, we want to assess the availability and correct operation of the functionality of logging in, both as an admin and as a user.","O LedgerSMB é um módulo central do sistema de contabilidade de partidas dobradas e ERP baseado na web.O sistema deve garantir a operação correta e a disponibilidade das páginas de login (login.pl) e de configuração inicial (setup.pl), incluindo o redirecionamento automático da raiz da aplicação, permitindo o acesso seguro de administradores e usuários para a configuração e utilização diária do sistema.","LedgerSMB is a core module of the web-based double-entry accounting and ERP system. The system must ensure the correct operation and availability of the login (login.pl) and initial setup (setup.pl) pages, including automatic redirection from the application root. This allows secure access for administrators and users to configure and use the system on a daily basis."
ledgersmb_LedgerSMB,search-batches_story.txt,"As a LedgerSMB user I want to be able to search for previously created voucher batches according to parameters which I specify, with the results presented as a list.","O LedgerSMB é um módulo central do sistema de contabilidade de partidas dobradas e ERP baseado na web.O sistema deve permitir que usuários busquem e filtrem lotes de transações anteriores por parâmetros como tipo de transação, descrição e status de aprovação, com resultados apresentados em relatórios detalhados que incluem número do lote, data, descrição e valores, garantindo auditoria e controle no processo de aprovação de transações.","LedgerSMB is a core module of the web-based double-entry accounting and ERP system. The system must allow users to search and filter previous transaction batches by parameters such as transaction type, description, and approval status. The results must be presented in detailed reports that include the batch number, date, description, and values, ensuring auditability and control in the transaction approval process."
MetaMask_metamask-mobile,ColdStartToOnboardingScreenIOS_story.txt,This feature measures the cold start of the app when: The user installs the app for the very first time,"O MetaMask Mobile Performance  é um módulo de teste de desempenho para a versão iOS da carteira móvel que fornece acesso a sites que utilizam a blockchain Ethereum. O sistema deve medir o tempo de inicialização (cold start) do aplicativo após uma instalação limpa, validando que a tela de configuração da carteira é carregada e exibida em menos de 700 milissegundos, garantindo uma experiência de primeira abertura rápida e responsiva para novos usuários.","MetaMask Mobile Performance is a performance testing module for the iOS version of the mobile wallet that provides access to sites using the Ethereum blockchain. The system must measure the application's cold start time after a clean installation, validating that the wallet setup screen loads and displays in under 700 milliseconds, ensuring a fast and responsive first-time launch experience for new users."
MetaMask_metamask-mobile,NetworkFlow_story.txt,User should be able to add a custom network via the popular network flow User should also have the ability to a add custom network via the custom network flow.,"O MetaMask Mobile Performance  é um módulo de teste de desempenho para a versão iOS da carteira móvel que fornece acesso a sites que utilizam a blockchain Ethereum.O sistema deve permitir que usuários adicionem e gerenciem redes de blockchain personalizadas através de dois fluxos distintos: uma lista de redes populares pré-configuradas (como Palm e Optimism) e uma configuração manual completa (com campos para nome, URL RPC, Chain ID e símbolo), incluindo processos de aprovação segura e a capacidade de remover redes adicionadas, garantindo flexibilidade e controle total sobre as conexões da carteira.","MetaMask Mobile Performance is a performance testing module for the iOS version of the mobile wallet that provides access to sites using the Ethereum blockchain. The system must allow users to add and manage custom blockchain networks through two distinct methods: a list of pre-configured popular networks (such as Palm and Optimism) and a complete manual setup (with fields for name, RPC URL, Chain ID, and symbol). This includes secure approval processes and the ability to remove added networks, ensuring flexibility and total control over the wallet's connections."
MetaMask_metamask-mobile,RequestTokenFlow_story.txt,This feature goes through the request token flow,"O MetaMask Mobile Performance  é um módulo de teste de desempenho para a versão iOS da carteira móvel que fornece acesso a sites que utilizam a blockchain Ethereum.O sistema deve permitir que usuários solicitem tokens nativos (como ETH e BNB) e tokens ERC-20 (como BETH, Link e QNT) de suas redes configuradas, gerando links de pagamento personalizados e códigos QR para compartilhamento, garantindo uma experiência integrada e segura para recebimento de criptoativos.","MetaMask Mobile Performance is a performance testing module for the iOS version of the mobile wallet, which provides access to websites that utilize the Ethereum blockchain. The system must allow users to request native tokens (such as ETH and BNB) and ERC-20 tokens (such as BETH, Link, and QNT) from their configured networks, generating customized payment links and QR codes for sharing, ensuring an integrated and secure experience for receiving crypto assets."
MetaMask_metamask-mobile,SendEthGasApiDown_story.txt,A user should be able to send ETH when the Gas API is down.,"O MetaMask Mobile Performance  é um módulo de teste de desempenho para a versão iOS da carteira móvel que fornece acesso a sites que utilizam a blockchain Ethereum.O sistema deve permitir que usuários realizem transações de envio de ETH mesmo quando a API de estimativa de gas está indisponível, utilizando propriedades de gas de fallback e mantendo o fluxo básico de confirmação de transações, garantindo que operações críticas não sejam interrompidas por falhas em serviços externos.","MetaMask Mobile Performance is a performance testing module for the iOS version of the mobile wallet, which provides access to websites that utilize the Ethereum blockchain. The system must allow users to perform ETH send transactions even when the gas estimation API is unavailable, by using fallback gas properties and maintaining the basic transaction confirmation flow. This ensures that critical operations are not interrupted by failures in external services."
noosfero_noosfero,edit_block_of_links_story.txt,As a profile owner I want to edit a block of links,"O Noosfero é um módulo de personalização de conteúdo da plataforma web para redes sociais com CMS integrado. O sistema deve permitir que proprietários de perfis editem blocos de links em seus sites pessoais ou comunitários, incluindo a funcionalidade de selecionar ícones através de um seletor interativo, garantindo a personalização visual e a organização de links de forma intuitiva e integrada ao ambiente social.","Noosfero is a content customization module of the web platform for social networks with an integrated CMS. The system must allow profile owners to edit link blocks on their personal or community sites, including the ability to select icons through an interactive selector, ensuring visual customization and the intuitive organization of links within the social environment."
noosfero_noosfero,forum_story.txt,As a noosfero user I want to have one or mutiple forums,"Noosfero is a content customization module of the web platform for social networks with an integrated CMS. The system must allow profile owners to edit link blocks on their personal or community sites, including the ability to select icons through an interactive selector, ensuring visual customization and the intuitive organization of links within the social environment.","Noosfero is a content customization module within the web-based social networking platform that includes an integrated CMS. The system must enable profile owners to manage link blocks on their personal or community sites. This includes the ability to select icons using an interactive picker, ensuring visual customization and the intuitive organization of links in a way that is seamlessly integrated into the social environment."
noosfero_noosfero,manage_enterprises_story.txt,As a enterprise owner I want to manage my enterprises,"O Noosfero é um módulo de personalização de conteúdo da plataforma web para redes sociais com CMS integrado.O sistema deve permitir que proprietários de empresas visualizem e acessem suas empresas diretamente através de um item de menu dedicado (condicionado a uma feature flag específica), garantindo navegação rápida para o painel de controle de cada empresa, enquanto oculta essa opção para usuários que não possuem empresas registradas.","Noosfero is a content customization module of the web platform for social networks with an integrated CMS. The system must allow business owners to view and access their companies directly through a dedicated menu item (conditional on a specific feature flag), ensuring quick navigation to each company's dashboard, while hiding this option for users who do not have registered companies."
noosfero_noosfero,status_story.txt,As a user I want to add status for comments,"O Noosfero é um módulo de personalização de conteúdo da plataforma web para redes sociais com CMS integrado.O sistema deve permitir que administradores de comunidades classifiquem comentários através de status personalizáveis, com configuração central de status, controle de permissões para usuários autorizados e restrição do recurso apenas a contextos organizacionais (não aplicável em perfis pessoais), garantindo uma moderação estruturada e rastreável.","Noosfero is a content customization module for the web-based social networking platform with an integrated CMS. The system must allow community administrators to classify comments using customizable statuses. This includes centralized status configuration, permission control for authorized users, and restriction of the feature to organizational contexts only (not applicable on personal profiles), ensuring structured and traceable moderation."
parti-renaissance_espace-adherent,agoras_story.txt,In order to see and join Agoras I should be able to access API of Agoras,"O espace-adherent é um módulo de gestão de grupos comunitários da plataforma do partido Renascentista. O sistema deve permitir que usuários autenticados via OAuth consultem, filtrem e participem de Agoras (grupos de discussão) através de uma API REST, com controle de acesso baseado em papéis (membros, gerentes, presidentes), validação de limites de membros, status de publicação e gestão completa do ciclo de participação, garantindo engajamento organizado e moderado na plataforma política.","The espace-adherent is a community group management module for the Renaissance party platform. The system must allow users authenticated via OAuth to query, filter, and participate in Agoras (discussion groups) through a REST API. This includes role-based access control (members, managers, presidents), validation of member limits, publication status, and full lifecycle management of participation, ensuring organized and moderated engagement on the political platform."
parti-renaissance_espace-adherent,scopes_story.txt,In order to get scopes of an adherent I should be able to request them via the API,"O espace-adherent é um módulo de gestão de grupos comunitários da plataforma do partido Renascentista. O sistema deve permitir que usuários autenticados via OAuth consultem seus escopos atribuídos, incluindo papéis principais (como deputado, nacional, presidente de Agora) e papéis delegados com detalhes completos sobre zonas geográficas, aplicativos permitidos, funcionalidades habilitadas, atributos visuais (temas) e informações de delegação, garantindo uma gestão precisa e hierárquica de acessos e responsabilidades na plataforma política.","The espace-adherent is a community group management module for the Renaissance party platform. The system must allow users authenticated via OAuth to query their assigned scopes, including main roles (such as deputy, national, Agora president) and delegated roles with complete details on geographical zones, permitted applications, enabled functionalities, visual attributes (themes), and delegation information. This ensures precise and hierarchical management of access and responsibilities on the political platform."
parti-renaissance_espace-adherent,user_controller_donation_story.txt,In order to see donation as a user I should be able to see my donation in my account profile,"O espace-adherent é um módulo de gestão de grupos comunitários da plataforma do partido Renascentista. O sistema deve permitir que adherents visualizem e gerenciem suas doações na área logada, incluindo doações mensais ativas, próximas datas de vencimento e o processo de cancelamento com confirmação, garantindo transparência e controle total sobre as contribuições ao partido.","The espace-adherent is a community group management module for the Renaissance party platform. The system must allow adherents to view and manage their donations within the logged-in area. This includes displaying active monthly donations, upcoming due dates, and a cancellation process with confirmation, ensuring transparency and full control over contributions to the party."
parti-renaissance_espace-adherent,zones_story.txt,In order to see zones As a non logged-in user I should be able to access API zones,"O espace-adherent é um módulo de gestão de grupos comunitários da plataforma do partido Renascentista.O sistema deve permitir que usuáriosautenticados e visitantes filtrem e consultem zonas administrativas (como países, cidades, cantões e comunidades de cidades) através de uma API com suporte a busca por tipo e nome parcial, e que usuários autenticados com escopos específicos realizem autocompletar de zonas dentro de suas áreas de atuação, garantindo a gestão territorial precisa necessária para a organização política.
","The espace-adherent is a community group management module for the Renaissance party platform. The system must allow both authenticated users and visitors to filter and query administrative zones (such as countries, cities, cantons, and city communities) via an API that supports search by type and partial name. Additionally, authenticated users with specific scopes must be able to autocomplete zones within their assigned areas of operation, ensuring the precise territorial management required for political organization."
SFDigitalServices_sf-dahlia-web,custom_educator_listing_1_story.txt,As a web user I should be able to apply to Custom Educator Listing 1,"O DAHLIA é um módulo de candidatura especializada do portal de habitação acessível de São Francisco. O sistema deve permitir que candidatos educadores apliquem a listagens específicas através de um formulário curto que inclui uma pergunta de triagem customizada sobre emprego no Distrito Escolar Unificado de São Francisco, com validação do código de classificação do trabalho e fluxos condicionais distintos para respostas afirmativas (permitindo a candidatura completa) e negativas (bloqueando o avanço com mensagem de erro), garantindo que apenas candidatos qualificados preencham a aplicação.","DAHLIA is a specialized application module of San Francisco's affordable housing portal. The system must allow educator applicants to apply to specific listings through a short form that includes a custom screening question about employment with the San Francisco Unified School District. This process validates the job classification code and provides distinct conditional flows: affirmative responses allow completion of the full application, while negative responses block advancement with an error message. This ensures that only qualified candidates proceed to fill out the application."
SFDigitalServices_sf-dahlia-web,custom_educator_listing_2_story.txt,As a web user I should be able to apply to Custom Educator Listing 2,"O DAHLIA é um módulo de candidatura especializada do portal de habitação acessível de São Francisco.O sistema deve permitir que candidatos educadores apliquem a uma listagem específica através de um formulário curto que inclui uma pergunta de triagem customizada sobre emprego no Distrito Escolar Unificado de São Francisco, com validação do código de classificação do trabalho para respostas afirmativas e um fluxo alternativo para respostas negativas (que permite a candidatura completa, mas exibe uma nota informativa ",DAHLIA is a specialized application module of San Francisco's affordable housing portal. The system must allow educator applicants to apply to a specific listing through a short form that includes a custom screening question about employment with the San Francisco Unified School District. This involves validating the job classification code for affirmative responses and providing an alternative flow for negative responses (which allows the full application to be completed but displays an informational note).
SFDigitalServices_sf-dahlia-web,nrhp_story.txt,"As a web user I should be able to claim ""Live in the Neighborhood"" while filling out a short form application In order to increase my chances of getting an affordable housing unit","O DAHLIA é um módulo de candidatura especializada do portal de habitação acessível de São Francisco.O sistema deve verificar dinamicamente se os candidatos e seus membros familiares residem dentro da área de Preferência de Residente do Bairro (NRHP) e, quando elegíveis, permitir que reivindiquem essa preferência durante a aplicação, incluindo validação em tempo real de endereços, seleção de membros elegíveis e upload de documentos comprobatórios, garantindo que o benefício seja atribuído corretamente.","DAHLIA is a specialized application module of San Francisco's affordable housing portal. The system must dynamically verify whether applicants and their household members reside within the Neighborhood Resident Housing Preference (NRHP) area. When eligible, it must allow them to claim this preference during the application process, including real-time address validation, selection of eligible members, and uploading supporting documents, ensuring the benefit is correctly assigned."
SFDigitalServices_sf-dahlia-web,sign_in_while_applying_story.txt,As a web user with an account I should be able to sign-in while filling out an application anonymously In order to associate my application with my account and reconcile any previous applications,"O DAHLIA é um módulo de candidatura especializada do portal de habitação acessível de São Francisco.O sistema deve permitir que usuários com conta se autentiquem durante o preenchimento anônimo de uma aplicação, com reconciliação inteligente de dados conflitantes (como data de nascimento em listagens para idosos), opções para continuar anonimamente, criar uma nova conta ou usar os dados da conta existente, e gestão de rascunhos salvos ou aplicações já submetidas, garantindo flexibilidade, prevenção de perda de progresso e integridade das inscrições.","DAHLIA is a specialized application module of San Francisco's affordable housing portal. The system must allow users with an account to authenticate themselves while anonymously filling out an application. This includes intelligent reconciliation of conflicting data (such as date of birth in senior-specific listings), options to continue anonymously, create a new account, or use existing account data, as well as management of saved drafts or previously submitted applications. This ensures flexibility, prevents loss of progress, and maintains the integrity of submissions."
sharetribe_sharetribe,admin_edits_welcome_email_story.txt,In order to have custom welcome email content tailored specifically for my community As an admin I want to be able to edit the welcome email content,"O Sharetribe Go é um sistema de construtor de marketplace de código aberto. O sistema deve permitir que administradores de comunidades editem o conteúdo e o remetente do email de boas-vindas através de um editor integrado, com capacidade de visualização prévia, envio de emails de teste e verificação de endereços de remetente, garantindo comunicação personalizada com novos membros do marketplace.","Sharetribe Go is an open-source marketplace builder system. The system must allow community administrators to edit the content and sender of the welcome email through an integrated editor, with preview capability, test email sending, and sender address verification, ensuring personalized communication with new marketplace members."
sharetribe_sharetribe,search_story.txt,In order to find needed contents As a user I want to search listings by typing a keyword to search box and hitting enter,"O Sharetribe Go é um sistema de construtor  de marketplace de código aberto.O sistema deve permitir que usuários encontrem listagens através de palavras-chave (incluindo correspondência parcial e busca em descrições) e apliquem múltiplos filtros como faixa de preço, campos numéricos personalizados e seletores de checkbox, garantindo resultados precisos e relevantes com base em critérios específicos.","Sharetribe Go is an open-source marketplace builder system. The system must allow users to find listings through keywords (including partial matching and search within descriptions) and apply multiple filters such as price range, custom numeric fields, and checkbox selectors, ensuring precise and relevant results based on specific criteria."
sharetribe_sharetribe,user_checks_inbox_story.txt,In order to view my received and sent messages As a user I want to be able to go to my inbox and view my messages,"O Sharetribe Go é um sistema de construtor de marketplace de código aberto.O sistema deve permitir que usuários visualizem e gerenciem suas conversas na caixa de entrada, com contagem de novas mensagens, exibição de conversas individuais, separação de mensagens recebidas e enviadas, e controle de acesso para usuários autenticados, garantindo a organização e o acompanhamento da comunicação no marketplace.","Sharetribe Go is an open-source marketplace builder system. The system must allow users to find listings through keywords (including partial matching and search within descriptions) and apply multiple filters such as price range, custom numeric fields, and checkbox selectors, ensuring precise and relevant results based on specific criteria."
sharetribe_sharetribe,user_filters_listings_by_custom_fields_story.txt,In order to view only listings that match certain marketplace specific condition As a user I want to be able to easily select which listings are shown,"O Sharetribe Go é um sistema de construtor de software de marketplace de código aberto.O sistema deve permitir que usuários filtrarem listagens com base em campos personalizados configurados (como menus suspensos), aplicando múltiplos critérios de filtro simultaneamente e combinando-os com busca por palavras-chave e seleção de categoria, garantindo uma descoberta precisa e refinada de itens no marketplace.","Sharetribe Go is an open-source marketplace builder system. The system must allow users to filter listings based on configured custom fields (such as dropdowns), applying multiple filter criteria simultaneously and combining them with keyword search and category selection. This ensures precise and refined discovery of items in the marketplace."
Sylius_Sylius,choosing_province_for_country_story.txt,In order to address an order properly As a Visitor I want to be able to fill addressing details choosing country with provinces,"O Sylius é uma plataforma de comércio eletrônico de código aberto.O sistema deve permitir que visitantes preencham os detalhes de endereço de entrega e faturamento durante o checkout, com suporte à seleção de províncias/estados para países que as possuem, validação de correspondência entre país e província, e gestão de cenários complexos com endereços distintos, garantindo precisão e flexibilidade no processo de endereçamento em vendas internacionais.","Sylius is an open-source e-commerce platform. The system must allow visitors to fill in shipping and billing address details during checkout. This includes support for selecting provinces/states in countries that have them, validating the match between country and province, and handling complex scenarios with separate addresses. This ensures accuracy and flexibility in the addressing process for international sales."
Sylius_Sylius,returning_from_addressing_step_to_shop_homepage_story.txt,In order to return to shopping after checkout started As a Visitor I want to be able to go back to shop homepage from checkout addressing step,"O Sylius é uma plataforma de comércio eletrônico de código aberto.O sistema deve permitir que visitantes retornem facilmente à página inicial da loja a partir da etapa de endereçamento do checkout, garantindo flexibilidade para continuar comprando sem perder os itens do carrinho e melhorando a experiência de navegação do cliente.","Sylius is an open-source e-commerce platform. The system must allow visitors to easily return to the store's homepage from the checkout address step, ensuring flexibility to continue shopping without losing cart items and improving the customer's navigation experience."
Sylius_Sylius,seeing_shipping_method_when_all_units_match_to_shipping_category_story.txt,In order to select correct shipping method for my order As a Customer I want to be able to choose only shipping methods that match shipping category of all my items,"O Sylius é uma plataforma de comércio eletrônico de código aberto.O sistema deve filtrar e exibir apenas os métodos de envio cuja categoria obrigatória corresponda exatamente à categoria de envio de todos os itens no carrinho, garantindo compatibilidade logística, suporte a múltiplas categorias como ""Standard"" e ""Over-sized"" e feedback claro quando não houver métodos disponíveis devido a itens de categorias mistas.","Sylius is an open-source e-commerce platform. The system must filter and display only those shipping methods whose mandatory category exactly matches the shipping category of all items in the cart. This ensures logistical compatibility, supports multiple categories such as Standard and Over-sized, and provides clear feedback when no methods are available due to mixed-category items."
Sylius_Sylius,sorting_payment_methods_by_position_story.txt,In order to change the order by which payment methods are displayed As an Administrator I want to sort payment methods by their positions,"O Sylius é uma plataforma de comércio eletrônico de código aberto.O sistema deve permitir que administradores visualizem e gerenciem a ordenação de métodos de pagamento por posição, com comportamento padrão de ordenação ascendente e lógica clara para adicionar novos métodos no início ou fim da lista, garantindo controle total sobre a sequência de exibição no checkout da loja.","Sylius is an open-source e-commerce platform. The system must allow administrators to view and manage the ordering of payment methods by position, with a default ascending order behavior and clear logic for adding new methods at either the beginning or end of the list, ensuring full control over the display sequence in the store's checkout."
uyuni-project_uyuni,min_bootstrap_negative_story.txt,In order to register only valid minions As an authorized user I want to avoid registration with invalid input parameters,"Uyuni é uma solução de gerenciamento de sistemas de código aberto derivada do Spacewalk.O sistema deve permitir um processo de registro seguro para novas máquinas, realizando verificações que ajudam a evitar problemas comuns. Isso inclui identificar quando uma máquina já está registrada, quando o nome informado não existe, quando as credenciais de acesso estão incorretas ou quando a porta usada não permite a conexão.","Uyuni is an open-source system management solution derived from Spacewalk. The system must provide a secure registration process for new machines, performing checks that help prevent common issues. This includes identifying when a machine is already registered, when the provided name does not exist, when the access credentials are incorrect, or when the port being used does not allow the connection."
uyuni-project_uyuni,min_config_state_channel_story.txt,In order to configure systems through Salt I want to be able to use the state channels,"Uyuni é uma solução de gerenciamento de sistemas de código aberto derivada do Spacewalk.O sistema deve permitir criar canais de configuração, associá-los a máquinas e executar essas configurações de maneira controlada. O processo inclui criar canais, inscrever sistemas neles, revisar arquivos de configuração, aplicar estados e acompanhar o resultado das ações. O sistema também evita ações inválidas, como excluir a única revisão existente, e permite atualizar ou remover canais conforme necessário, garantindo organização e segurança na gestão de configurações.","Uyuni is an open-source system management solution derived from Spacewalk. The system must enable the creation of configuration channels, their association with machines, and the controlled execution of these configurations. The process includes creating channels, enrolling systems in them, reviewing configuration files, applying states, and tracking the outcome of actions. The system also prevents invalid operations, such as deleting the only existing revision, and allows updating or removing channels as needed, ensuring organized and secure configuration management."
uyuni-project_uyuni,proxy_story.txt,In order to use a containerized proxy with the server As the system administrator I want to register the containerized proxy on the server,"Uyuni é uma solução de gerenciamento de sistemas de código aberto derivada do Spacewalk.O sistema deve permitir que administradores configurem e registrem um proxy em contêiner, garantindo um processo completo que inclui limpeza do host, registro como minion, atualização das ferramentas necessárias, geração da configuração do proxy e ativação dos serviços essenciais. Dessa forma, o ambiente assegura que o proxy containerizado seja instalado, iniciado e reconhecido automaticamente pelo servidor.","Uyuni is an open-source system management solution derived from Spacewalk. The system must allow administrators to configure and register a containerized proxy, ensuring a complete process that includes host cleanup, registration as a minion, updating the required tools, generating the proxy configuration, and activating essential services. This ensures that the containerized proxy environment is installed, started, and automatically recognized by the server."
uyuni-project_uyuni,srv_create_fake_repositories_story.txt,In order to distribute software to the clients As an authorized user I want to create a fake repository per fake child channel,"Uyuni é uma solução de gerenciamento de sistemas de código aberto derivada do Spacewalk.O sistema deve permitir que administradores criem repositórios falsos e os associem a diferentes canais filhos, facilitando testes de distribuição de software. Isso inclui criar repositórios para múltiplos formatos (RPM, AppStream, i586 e Debian-like), ajustar configurações como verificação de metadata e vincular cada repositório ao canal apropriado. Dessa forma, é possível validar todo o fluxo de sincronização e atualização de canais sem depender de repositórios reais.","Uyuni is an open-source system management solution derived from Spacewalk. The system must allow administrators to create fake repositories and associate them with different child channels, facilitating software distribution testing. This includes creating repositories for multiple formats (RPM, AppStream, i586, and Debian-like), adjusting settings such as metadata verification, and linking each repository to the appropriate channel. This approach makes it possible to validate the entire channel synchronization and update workflow without relying on real repositories."
vegaprotocol_vega,0026-AUCT-029_story.txt,"run from the close of voting on the market proposal (assumed to pass successfully) until: the enactment time assuming there are orders crossing on the book, there is no need for the supplied liquidity to exceed a threshold to exit an auction: (0026-AUCT-029) And  the parties place the following orders: When  the network moves ahead ""50"" blocks Then  the trading mode should be ""TRADING_MODE_OPENING_AUCTION"" for the market ""BTC/ETH"" When  the network moves ahead ""52"" blocks Then  the trading mode should be ""TRADING_MODE_CONTINUOUS"" for the market ""BTC/ETH""","Vega é uma plataforma descentralizada de negociação de derivativos.
O sistema deve permitir criar mercados à vista que sempre começam em um leilão de abertura. A saída desse leilão depende da existência de ordens que se cruzam após o tempo mínimo configurado. Se houver cruzamento, o mercado passa para negociação contínua; se não houver, permanece em leilão. Isso garante uma abertura estável e uma transição segura para o mercado ativo.
","Vega is a decentralized derivatives trading platform. The system must allow the creation of spot markets that always begin with an opening auction. The outcome of this auction depends on whether overlapping orders exist after the configured minimum time. If there is an overlap, the market transitions to continuous trading; if not, it remains in auction. This ensures a stable opening and a secure transition to the active market."
vegaprotocol_vega,0032-PRIM-025_story.txt,"auction terminates with a trade from order that originally triggered the auction. (0032-PRIM-025) And  the market data for the market ""BTC/ETH"" should be: Given  the parties place the following orders: When  the network moves ahead ""1"" blocks Then  the trading mode should be ""TRADING_MODE_MONITORING_AUCTION"" for the market ""BTC/ETH"" And  the orders should have the following states: When  the network moves ahead ""1"" blocks Then  the trading mode should be ""TRADING_MODE_CONTINUOUS"" for the market ""BTC/ETH"" And  the mark price should be ""1050"" for the market ""BTC/ETH"" And  the orders should have the following states: And  the market data for the market ""BTC/ETH"" should be:","Vega é uma plataforma descentralizada de negociação de derivativos.
O sistema deve controlar leilões de abertura, monitorar variações de preço e mudar automaticamente entre leilão e negociação contínua. Ordens fora dos limites acionam leilões, permanecem ativas durante esse período e são executadas quando o mercado volta ao modo contínuo, garantindo estabilidade e formação correta do preço.","Vega is a decentralized derivatives trading platform. The system must control opening auctions, monitor price variations, and automatically switch between auction and continuous trading modes. Orders placed outside the price limits trigger auctions, remain active during this period, and are executed when the market returns to continuous mode, ensuring stability and proper price formation."
vegaprotocol_vega,0068-MATC-073_story.txt,Incoming LIMIT: POST-ONLY TRUE orders will be placed fully on the book if no orders currently cross. (0068-MATC-073) And  the parties place the following orders: Then  the orders should have the following status:,"Vega é uma plataforma descentralizada de negociação de derivativos.
O sistema deve manter a negociação contínua após o leilão inicial e aceitar ordens LIMIT com flag post-only (GTT, GTC e GFN) sempre que elas não cruzarem com ofertas existentes, garantindo que elas entrem integralmente no livro sem gerar trades imediatos.","Vega is a decentralized derivatives trading platform. The system must maintain continuous trading after the initial auction and accept LIMIT orders with the post-only flag (including GTT, GTC, and GFN types) provided they do not cross existing offers. This ensures that such orders enter the order book in their entirety without generating immediate trades."
vegaprotocol_vega,trading_fees_spot_story.txt,"the order can not be placed. When trade happens, holding asset is released:","O Vega é uma plataforma descentralizada de negociação de derivativos.
O sistema deve garantir que, ao criar um pedido em um mercado à vista, os ativos necessários sejam reservados no holding account. Se o usuário não tiver saldo suficiente, a ordem é rejeitada. Quando ocorre uma negociação, os valores reservados são liberados e os saldos gerais são atualizados, assegurando liquidação correta, cobrança de taxas e cancelamento automático de ordens impossíveis de executar.","Vega is a decentralized derivatives tradingrading platform. The system must ensure that when creating an order on a spot market, the required assets are reserved in the holding account. If the user has insufficient balance, the order is rejected. When a trade occurs, the reserved amounts are released and the general balances are updated, ensuring proper settlement, fee charging, and the automatic cancellation of orders that are impossible to fulfill."